,SARS-COV-2,Adenovirus,Andes virus,BK virus,Bunyamwera virus,Chikungunya virus,Crimean-Congo hemorrhagic fever virus,Cytomegalovirus,Dengue virus,Dengue?Virus?Type 2,Ebola virus,Echovirus 1,Enterovirus A,Enterovirus B,Enterovirus C,Enterovirus D,Enterovirus J,Epstein-Barr virus,Hantavirus,Hendra virus,Hepatitis A virus,Hepatitis B virus,Hepatitis B virus D,Hepatitis B virus F,Hepatitis C virus,Hepatitis D virus,Hepatitis E virus,Herpes simplex virus 1,Herpes simplex virus 2,Human Astrovirus,Human coronavirus OC43,Human coronavirus strain 229E,Human coronavirus strain NL63,Human Herpesvirus 1,Human Herpesvirus 3,Human Herpesvirus 4,Human Herpesvirus 5,Human herpesvirus 6,Human herpesvirus 7,Human immunodeficiency virus,Human immunodeficiency virus 1,Human Immunodeficiency Virus 2,Human metapneumovirus,Human papillomavirus,Human parainfluenza virus 1,Human parainfluenza virus 2,Human Parainfluenza Virus 3,Human parainfluenza virus type 2,Human respiratory syncytial virus B,Human rhinovirus?A,Human rhinovirus?B,Human T-Lymphotropic Virus 1,Influenza A virus,Influenza B virus,Influenza C virus,Japanese encephalitis virus,John Cunningham virus,Junin virus,Kaposi's sarcoma-associated herpesvirus,Kunjin virus,Lassa virus,Mammarenavirus lymphocytic choriomeningitis virus ,Marburg virus,Measles virus,Middle East respiratory syndrome coronavirus,Middle east respiratory tract syndrome coronavirus,Middle East resporitary syndrome coronavirus,Middle eastern respiratory syndrome virus,Molluscum contagiosum virus,Nipah virus,Norovirus,Parechovirus A3,Parvovirus B19,Powassan virus,Rabies virus,Ravn virus,Respiratory syncytial virus,Rhinovirus A,Rhinovirus B,Rift Valley fever virus,Ross River virus,Rubella virus,Saffold virus,Severe acute respiratory syndrome coronavirus,Severe fever with thrombocytopenia syndrome virus,Simian vacuolating virus 40 ,Sin Nombre virus,Sindbis virus,Tick-borne encephalitis virus,Vaccinia virus,Varicella-zoster virus,Vesicular stomatitis virus,West Nile virus,Yellow fever virus,Zika virus
4-HPR (Fenretinide),0.8213,0.6809,0.7202,0.7603,0.7255,0.6536,0.778,0.9256,9999,0.7059,0.8441,0.7397,0.8058,0.8023,0.7271,0.7989,0.7495,0.7799,0.7143,0.7985,0.7465,0.8065,0.7429,0.7569,9999,0.7324,0.7273,0.8981,0.7161,0.7299,0.7485,0.6856,0.7578,0.7562,0.722,0.6141,0.7507,0.7163,0.6903,0.7971,9999,0.6025,0.667,0.7226,0.7368,0.7641,0.726,0.7433,0.7146,0.7183,0.755,0.7098,1.0175,0.7564,0.6697,0.758,0.694,0.7458,0.7718,0.6766,0.7354,0.6751,0.8197,0.545,0.7944,0.7193,0.7553,0.7738,0.754,0.7357,0.7716,0.7713,0.7746,0.6796,0.7313,0.7164,9999,0.7251,0.7324,0.7814,0.7176,0.673,0.7329,0.8249,0.6885,0.7994,0.6798,0.6796,0.7068,0.666,0.6884,0.6019,9999,0.5778,9999
5-Bromovinyldeoxyuridine,0.5455,0.4432,0.4823,0.4757,0.4665,0.4115,0.5239,0.6384,0.5781,0.4693,0.6097,0.4677,0.5483,0.5764,0.4936,0.5408,0.52,0.5278,0.4871,0.5501,0.4959,0.5866,0.5004,0.4431,0.6371,0.502,0.4779,0.6834,0.4815,0.5038,0.4937,0.4616,0.5099,9999,0.4642,0.4036,0.5222,0.4819,0.4753,0.5449,0.6948,0.3629,0.3852,0.491,0.4581,0.5259,0.4506,0.4641,0.4568,0.4898,0.499,0.4642,0.7575,0.5492,0.4159,0.5248,0.4402,0.5115,0.5109,0.4426,0.4667,0.4373,0.5371,0.3117,0.5862,0.4318,0.5232,0.5155,0.5001,0.4962,0.535,0.5326,0.5139,0.4636,0.4724,0.4554,0.4083,0.4852,0.4528,0.5453,0.4489,0.4133,0.4617,0.5839,0.4489,0.5201,0.4275,0.4007,0.4699,0.3958,0.468,0.3398,0.5275,0.3856,0.6513
Abacavir,0.2567,0.2076,0.2278,0.1428,0.1839,0.1747,0.2498,0.3641,0.3285,0.2132,0.3657,0.1921,0.2633,0.3146,0.2332,0.2826,0.2634,0.2652,0.264,0.2636,0.2654,0.3304,0.2755,0.1541,0.3781,0.2569,0.2174,0.4005,0.2594,0.2631,0.2164,0.2362,0.2392,0.3236,0.2035,0.2041,0.2739,0.2215,0.2559,0.3053,9999,0.1217,0.1078,0.2506,0.1758,0.2784,0.2056,0.2078,0.1805,0.2799,0.2482,0.2168,0.4696,0.3159,0.1825,0.2703,0.1792,0.2798,0.2177,0.2137,0.19,0.1899,0.245,0.116,0.3372,0.1592,0.2847,0.273,0.2399,0.2272,0.2844,0.2684,0.2403,0.2526,0.2157,0.2008,0.1736,0.2207,0.2024,0.3146,0.1775,0.1638,0.195,0.3093,0.2274,0.2313,0.1671,0.1203,0.2281,0.143,0.2412,0.0839,0.2493,0.1734,0.3377
ABT-263,0.4817,0.3682,0.4087,0.3956,9999,0.3445,0.4619,0.6003,0.5199,0.3919,0.5561,0.4022,0.4854,9999,0.4181,0.4924,0.4497,0.4631,0.4249,0.4657,0.4477,9999,0.4387,0.3754,0.5889,0.4206,0.4186,9999,9999,0.4301,0.4101,0.3841,0.4228,0.4656,0.4008,0.3238,0.4514,0.4062,0.4019,0.4946,9999,0.3032,0.3311,0.4334,0.4048,0.4582,0.383,0.4224,0.3909,0.4341,0.4395,0.3967,9999,9999,0.3619,0.4482,0.3699,0.4419,0.4489,0.3843,0.4022,0.3691,0.4725,9999,9999,0.3774,0.4647,0.461,0.4441,0.4371,0.4626,0.4574,0.4485,0.4015,0.4098,0.4004,0.3582,0.4122,0.3943,0.4818,0.3871,0.3364,0.3935,0.5154,0.3841,0.4584,0.3747,9999,0.4113,0.3471,0.401,0.277,0.4596,0.2982,9999
Acetylsalicylic acid,0.4708,0.4051,0.4229,0.3896,0.3991,0.3695,0.4486,0.5593,0.4965,0.4099,0.5349,0.4152,0.4688,0.4992,0.4279,0.4745,0.4466,0.4656,0.4395,0.4737,0.4522,0.5081,0.46,0.408,9999,0.448,0.417,9999,0.4369,0.445,0.4307,0.4175,0.4464,0.4878,0.4118,0.3769,0.4574,0.4133,0.4281,0.4897,0.5886,0.3251,0.3423,0.4328,0.3983,0.4609,0.4274,0.4181,0.3952,0.4502,0.4432,0.4116,9999,0.4826,0.3794,0.4624,0.3917,0.4594,0.4298,0.3971,0.4087,0.3806,0.4699,0.3024,0.5114,0.3843,0.4643,0.4632,0.4387,0.4195,0.4723,0.4623,0.4483,0.4195,0.4232,0.404,0.3779,0.4205,0.4102,0.4926,0.395,0.3804,0.4144,0.5036,0.4111,0.4528,0.3728,0.3556,0.419,0.3577,0.421,0.3093,0.4493,0.3448,9999
Aciclovir,0.7488,0.6212,0.6609,0.6926,0.6654,0.5938,0.7218,0.8542,0.7369,0.6474,0.7858,0.6699,0.7458,0.7411,0.6686,0.7325,0.6968,9999,0.6592,0.7327,0.6796,0.7567,0.6713,0.6684,0.8198,0.6678,0.6638,9999,9999,0.6738,0.6821,0.6238,0.6955,9999,9999,0.5507,0.6922,0.66,0.6367,0.7331,0.8396,0.54,0.5984,0.6713,0.6654,0.7013,0.6463,0.6705,0.6557,0.6527,0.6886,0.6458,0.9527,0.705,0.6054,0.7034,0.6345,0.6847,0.716,0.6148,0.6685,0.6194,0.7551,0.4806,0.7451,0.6401,0.6958,0.7066,0.694,0.6854,0.7116,0.709,0.7085,0.6258,0.6666,0.6525,0.6006,0.6671,0.6539,0.7155,0.6528,0.6046,0.663,0.7663,0.6244,0.7264,0.6207,0.6115,0.6482,0.5959,9999,0.5384,0.7201,0.5282,0.8578
Adefovir Dipivoxil,0.7098,0.6202,0.6431,0.6523,0.6386,0.5828,0.6913,0.8046,0.6992,0.631,0.7537,0.6462,0.7143,0.7174,0.6469,0.6985,0.6736,0.6855,0.6529,0.711,0.6652,9999,9999,0.6661,0.7841,0.6624,0.633,0.7953,0.6371,0.6624,0.6654,0.6208,0.6862,0.6949,0.6417,0.558,0.6755,0.6371,0.634,0.7096,0.8033,0.5294,0.578,0.6556,0.6349,0.68,0.6488,0.645,0.6326,0.6479,0.6667,0.6301,0.8938,0.6945,0.589,0.6948,0.6213,0.6762,0.6756,0.6002,0.6454,0.5945,0.7385,0.4842,0.7316,0.6124,0.6776,0.6844,0.6699,0.6468,0.6964,0.6856,0.6821,0.6216,0.6527,0.6295,0.5907,0.6481,0.6333,0.7076,0.63,0.6055,0.6517,0.7345,0.6213,0.6928,0.5968,0.5902,0.6338,0.5752,0.6284,0.5267,0.6888,0.5309,0.8183
Alisporivir,0.8425,0.727,0.7586,0.797,0.7636,0.6993,0.8167,0.9535,0.8268,0.7461,0.8747,0.7737,0.8394,0.825,0.7626,0.8358,0.7903,0.8125,0.7638,0.8265,0.7939,0.8414,0.7837,0.8212,9999,0.7698,0.7598,0.9038,0.7575,0.7699,0.7826,9999,0.7997,0.8076,0.7667,0.656,0.7893,0.7522,0.7367,0.8374,9999,0.6609,0.7212,0.7711,0.7818,0.8046,0.7829,0.7926,0.7619,0.7674,0.7957,0.7522,1.035,0.7966,0.7129,0.7999,0.736,0.7926,0.8002,0.7231,0.7752,0.7077,0.8771,0.6022,9999,0.7561,0.7959,0.8125,0.7974,0.7728,0.8143,0.8068,0.8116,0.7284,0.7793,0.7639,0.7169,0.7646,0.7776,0.8262,0.7601,0.7232,0.7822,9999,0.7437,0.8306,0.7307,0.7284,0.7522,0.7123,0.736,0.6578,0.8267,0.6159,0.9534
Alpha-lipoic acid,0.653,0.5581,0.5904,0.5867,0.5789,0.5373,0.6382,0.7766,0.6751,0.5787,0.7176,0.5833,0.6574,0.6595,0.5927,0.6669,0.6278,0.6382,0.6111,0.6444,0.6382,0.6775,0.6249,0.6264,0.7455,0.6018,0.5889,0.7328,0.6016,0.6072,0.5978,0.5723,0.6237,0.6659,0.5911,0.5087,0.6258,0.5846,0.5864,0.6756,9999,0.5003,0.5389,0.6146,0.5998,0.6415,0.6048,0.62,0.5813,0.6269,0.627,0.5867,0.8617,0.646,0.5473,0.6333,0.5587,0.636,0.6135,0.5714,0.5907,0.5426,0.6892,0.4621,0.6715,0.5682,0.6396,0.6468,0.6262,0.6004,0.6496,0.6371,0.6332,0.5886,0.6071,0.5943,0.5567,0.593,0.6053,0.6719,0.5788,0.5491,0.6032,0.6812,0.5923,0.64,0.5634,0.5401,0.5917,9999,0.585,0.4797,0.6566,0.465,0.7583
Amantadine,0.9265,0.7347,0.7739,0.8654,0.8145,0.7004,0.8549,0.9849,0.8245,0.7549,0.8737,0.8356,0.9093,0.8642,0.7783,0.845,0.7978,0.8446,0.744,0.8835,0.781,0.8693,0.7663,0.8353,0.9282,0.7875,0.7861,0.9619,0.7367,0.7795,0.8414,0.7064,0.8373,0.7481,0.7969,0.6194,0.7936,0.775,0.7132,0.8316,0.9247,0.6266,0.7424,0.7762,0.8091,0.7989,0.7617,0.8041,0.781,0.7322,0.7983,0.7632,9999,0.7829,0.7143,0.8377,0.7788,0.7686,0.8936,0.6944,0.8274,0.7224,0.9065,0.5767,0.8232,0.8098,0.7923,0.8226,0.8245,0.782,0.8122,0.8196,0.853,0.7013,0.7904,0.7777,0.7244,0.7949,0.7658,0.8016,0.801,0.742,0.8038,0.8874,0.7035,0.8974,0.7424,0.7616,0.7586,0.722,0.7226,0.6537,0.8277,0.6136,1.0253
Amiodarone,0.6656,0.5697,0.5992,0.6047,0.5921,0.545,0.6458,0.7754,9999,0.5868,9999,0.6001,0.6649,0.6664,0.6023,0.6679,0.6315,0.6444,0.6109,0.6558,0.6355,0.6805,0.6265,0.629,9999,0.6085,0.5974,9999,0.6052,0.6128,0.6107,0.5766,0.6318,0.6585,0.5995,0.515,0.6302,0.5932,0.5869,0.6757,0.7485,0.5048,0.5477,0.6158,0.6059,0.6417,0.6112,0.6213,0.591,0.6191,0.6311,0.5925,0.8562,0.6449,0.557,0.639,0.5717,0.6352,0.6289,0.5719,0.6026,0.5543,0.6912,0.4644,0.6724,0.5803,0.6391,0.6493,0.6309,0.6094,0.652,0.6427,0.6406,0.5849,0.6122,0.599,0.5622,0.5997,0.608,0.6663,9999,0.5606,0.6098,9999,0.5897,0.6519,0.5673,9999,0.5953,0.5457,0.5864,9999,0.6562,9999,0.7656
Amodiaquine,0.7297,0.6017,0.6338,0.6604,0.639,0.5748,0.6913,0.8301,9999,0.6142,9999,0.6701,0.7139,0.7056,0.6419,0.7132,0.6549,0.6994,0.6231,0.6987,0.6614,0.713,0.6542,0.6585,9999,0.6435,0.6519,9999,0.6414,0.6404,0.6622,0.5902,0.6632,0.6481,0.6464,0.5343,0.6542,0.6315,0.6001,0.7063,0.7723,0.5143,0.5946,0.6409,0.6416,0.6635,0.6427,0.6663,0.6344,0.6204,0.6664,0.6191,0.8994,0.6507,0.6072,0.6656,0.623,0.6409,0.695,0.5866,9999,0.5994,0.7249,0.4833,9999,0.6537,0.6655,0.6872,0.673,0.6599,0.6756,0.6737,0.6843,0.5893,9999,0.64,0.6003,0.6312,0.6478,0.6786,9999,0.6021,0.6323,9999,0.586,0.7116,0.5898,9999,0.6295,0.5821,0.6005,9999,9999,9999,9999
Amprenavir,0.4992,0.4199,0.4453,0.3979,0.4121,0.3839,0.4816,0.6228,0.5436,0.4271,0.5902,0.4276,0.4943,0.5353,0.4526,0.5169,0.4803,0.4948,0.4699,0.4958,0.4814,0.547,0.4907,0.4018,0.6081,0.4657,0.446,0.6193,0.4721,0.4738,0.4385,0.4392,0.4589,0.5267,0.4266,0.3927,0.4915,0.438,0.454,0.5324,9999,9999,0.3478,0.4591,0.4128,0.4957,0.4373,0.4425,0.4127,0.4781,0.4745,0.4296,0.7212,0.5158,0.4022,0.4831,0.3982,0.4914,0.4546,0.421,0.42,0.4085,0.4917,0.3038,0.5511,0.3934,0.497,0.4987,0.4655,0.4589,0.5002,0.4917,0.468,0.4456,0.4372,0.4243,0.3916,0.4366,0.4346,0.5281,0.4076,0.3818,0.4204,0.5416,0.4315,0.4724,0.3869,0.3572,0.4383,0.372,0.4409,0.3077,0.4792,0.3543,0.5863
Anisomycin,0.6018,0.5009,0.534,0.5256,0.5191,0.4702,0.5789,0.7095,9999,0.5196,0.6647,0.5287,0.6005,0.6203,0.5418,0.6019,0.5678,0.584,0.5447,0.5972,0.5613,0.6324,0.5618,0.5213,0.6908,0.5529,0.5345,0.7122,0.5412,0.5548,0.5457,0.5141,0.5621,0.5908,0.5244,0.457,0.5715,0.5304,0.529,0.6084,0.7266,0.4171,0.4545,0.5462,0.5187,0.579,0.5236,0.5352,0.5145,0.549,0.5602,0.5191,0.8097,0.5934,0.4819,9999,0.4995,0.5677,0.5623,0.4988,0.5255,0.4922,0.6041,0.3764,9999,0.4992,0.5778,0.58,0.559,0.5476,0.5876,0.5812,0.5695,0.519,0.5335,0.518,0.4763,0.5354,0.524,0.605,0.5101,0.4776,0.5236,9999,0.5095,0.5787,0.4836,0.4628,0.5264,0.4617,0.5209,0.4034,0.5802,0.4272,9999
Apoptozole,0.5003,0.4059,0.4359,0.4172,0.4224,0.3751,0.4772,0.5931,9999,0.4223,0.5588,0.4305,0.5042,0.5209,0.4422,0.4958,0.469,0.482,0.4485,0.4955,0.4623,0.5355,0.4602,0.4145,0.5863,0.4562,0.4338,0.6152,0.4401,0.4583,0.4505,0.4166,0.4658,0.489,0.4283,0.3631,0.4712,0.4326,0.4333,0.5045,0.6221,0.3234,0.3548,0.4531,0.4178,0.4764,0.4169,0.4345,0.4124,0.4546,0.4562,0.4238,0.6948,0.4972,0.3832,9999,0.4062,0.4667,0.468,0.4012,0.4287,0.3919,0.4978,0.2962,0.5271,0.3997,0.4799,0.4783,0.4617,0.4424,0.4873,0.4793,0.4713,0.4281,0.4351,0.4218,0.3847,0.4404,0.4163,0.5012,0.4126,0.3834,0.426,0.5298,0.4126,0.4777,0.3906,0.3658,0.4324,0.3628,0.4293,0.307,0.4745,9999,9999
Aprotinin,0.4003,0.3152,0.3457,0.2976,0.3197,0.2846,0.3819,0.5056,9999,0.33,0.4829,0.3302,0.4006,0.4356,0.3546,0.4088,0.3804,0.3907,0.3635,0.3934,0.3718,0.451,0.3767,0.2807,0.5023,0.3668,0.3475,0.5312,0.364,0.3733,0.3489,0.3337,0.3623,0.4103,0.3287,0.2899,0.3841,0.344,0.3541,0.4198,0.5535,0.2241,0.2429,0.3619,0.3064,0.3907,0.3133,0.3341,0.3112,0.3686,0.3661,0.3293,9999,9999,0.2983,0.3874,0.3068,0.3788,0.3668,0.314,0.3228,0.3116,0.3796,0.2058,0.4511,0.2961,0.3943,0.391,0.3658,0.3602,0.3974,0.3889,0.3704,0.3458,0.3324,0.326,0.2874,0.3433,0.3227,0.4143,0.3085,9999,0.3135,0.4408,0.3209,0.3718,0.2866,9999,0.3407,0.2617,0.3423,0.2044,9999,0.2681,0.483
Arbidol (Umifenovir),9999,0.4522,0.493,0.4882,0.5002,0.4179,0.547,0.6977,0.6035,0.4661,9999,0.5212,0.5867,0.6131,0.5069,0.5647,0.5234,0.5672,0.4663,0.5788,0.4901,0.6081,0.5038,0.4189,0.651,0.5103,0.514,9999,9999,0.5139,0.5325,0.4482,0.5302,0.4944,0.4812,0.3905,0.5244,0.5021,0.4598,0.557,0.7153,0.3241,0.3771,0.4842,0.4623,0.5321,0.4355,0.4799,0.4491,0.4716,0.5059,0.4732,9999,9999,0.4347,0.5412,0.4632,0.4922,0.5901,0.4186,9999,0.4609,0.5252,0.2981,0.5773,0.4793,0.5192,0.5426,0.5192,0.5068,0.5328,0.5472,0.543,0.4425,0.4618,0.4771,0.4262,0.4939,0.4612,0.5206,0.4739,0.4269,0.4561,0.6106,0.417,0.5741,0.4181,0.4175,9999,0.3914,0.4496,0.3269,9999,0.3813,9999
Artesunate,0.7803,0.6515,0.6817,9999,0.6785,0.6195,0.7393,9999,0.7782,0.6639,9999,0.6962,0.7638,0.7649,0.6876,0.7717,0.7151,9999,0.6923,0.7478,0.7242,0.7801,0.7237,0.707,0.8526,0.7003,0.689,0.8694,0.6977,0.702,0.7022,0.6613,0.7139,0.7459,0.6828,0.5917,0.7212,9999,0.6684,0.7761,0.8716,0.5718,0.6124,9999,0.6933,0.7393,0.6966,0.7121,0.666,0.705,0.7229,0.6764,0.9952,0.7338,0.6376,0.7228,9999,0.7225,0.7248,0.648,0.6906,0.6327,0.7737,0.5205,0.7693,0.6738,0.7296,0.7481,0.7203,0.6953,0.7421,0.7361,0.7351,0.6577,0.6942,0.6832,0.6345,0.6858,0.6965,0.7601,0.6735,0.6301,0.6926,0.7861,0.6666,0.7561,0.6431,0.6331,0.6744,0.6287,0.6618,0.5601,0.7399,0.5483,0.8829
Asunaprevir,0.8711,0.7461,0.7645,0.8026,0.7784,0.7174,0.8218,0.9644,0.8128,0.7491,0.8662,0.8063,0.851,0.8253,0.7636,0.8404,0.782,0.8282,0.7639,0.8356,0.8071,0.8349,0.7985,0.8579,9999,0.7833,0.7675,0.8978,0.7675,0.7733,0.8063,0.7353,0.815,0.8055,0.786,0.6694,0.7856,0.754,0.7374,0.8439,0.8796,0.6628,0.7343,0.7729,0.7966,0.8035,0.8126,0.8112,0.7651,0.7743,0.8069,0.7662,1.0238,0.7864,0.7353,0.8084,0.7616,0.7911,0.8177,0.7246,0.8004,0.7152,0.8861,0.6246,0.8184,0.7956,0.7966,0.8277,0.8071,0.7603,0.8167,0.8063,0.8279,0.7276,0.7957,0.7783,0.7422,0.7712,0.7979,0.8283,0.7833,0.7542,0.806,0.8509,0.7493,0.8577,0.7343,0.7516,0.7611,0.7316,0.738,0.6755,0.8167,0.6195,0.9624
Atazanavir,1.0179,0.8979,0.912,0.9656,0.938,0.8658,0.9683,1.1065,0.9405,0.9008,0.9997,0.9657,0.9944,0.957,0.9105,0.982,0.9224,0.9689,0.9037,0.9763,0.9463,0.972,0.9389,1.0278,1.0295,0.9277,0.9143,1.0343,0.9068,0.9152,0.9662,0.8801,0.9705,0.9493,0.9399,0.8117,0.9205,0.9006,0.8803,9999,9999,0.8079,0.8962,0.9125,0.9467,0.9463,0.9736,0.9633,0.9202,0.9049,0.9523,0.9125,1.1535,0.9207,0.8854,0.9528,0.9203,0.9337,0.9653,0.8629,0.9546,0.8616,1.0438,0.7669,0.9592,0.9527,0.9338,0.9746,0.9541,0.9086,0.9642,0.9514,0.9794,0.8638,0.9469,0.9348,0.8909,0.9199,0.9586,0.963,0.9386,0.9169,0.9624,0.9943,0.8965,1.0097,0.8797,0.9168,0.9035,0.8792,0.8796,0.8415,0.9647,0.7612,1.1161
Atovaquone,0.8049,0.6657,0.6992,0.7258,0.7035,9999,0.7523,0.8965,0.7787,0.6813,0.8107,0.7191,0.7808,0.7816,0.7047,0.7733,0.7291,0.7642,0.6903,0.7777,0.7258,0.7831,0.7253,0.7377,0.843,0.7151,0.702,0.8678,0.7012,0.7111,0.7301,0.6679,0.7444,0.7329,0.7013,0.6015,0.7299,0.6971,0.6701,0.7707,0.8614,0.5839,0.633,0.7012,0.7104,0.7448,0.7111,0.72,0.6837,0.7061,0.7319,0.6942,0.9874,0.7339,0.6507,0.7402,0.672,0.7243,0.754,0.6546,0.7156,0.6509,0.7925,0.5332,0.7675,0.7019,0.7299,0.7526,0.7311,0.7015,0.751,0.7512,0.7531,0.6598,0.706,0.6977,0.653,0.6999,0.7109,0.7568,0.6966,0.662,0.7116,0.7955,0.6706,0.7793,0.6546,0.6566,0.6837,0.6359,0.6665,0.5759,0.7571,0.5595,9999
Azacitidine,0.8218,9999,0.7372,0.7704,0.744,0.6841,0.7935,0.9317,0.804,0.7232,0.8467,0.7563,0.8133,0.7972,0.7404,0.8159,0.7672,0.7922,0.7414,0.7974,0.7751,0.8134,0.7637,0.8024,0.8791,0.7438,0.743,0.866,0.7412,0.7467,0.7591,0.7075,0.776,0.7841,0.7483,0.6381,0.7646,0.7316,0.7142,0.8167,9999,9999,9999,0.75,0.7631,0.7819,0.7663,0.7797,0.7408,0.7483,0.7751,0.733,9999,0.767,0.701,0.775,0.7172,0.7686,0.7825,0.7046,0.7561,0.6904,0.8522,0.5977,0.8008,0.742,0.7721,0.794,0.7782,0.7524,0.7893,0.783,0.7895,0.7087,0.7569,0.7507,0.7087,0.7403,0.7632,9999,0.7429,0.7091,0.7603,0.8272,0.7251,0.8097,0.7141,0.7157,0.7317,0.697,0.7145,0.6469,0.803,0.5953,0.9236
Azaribine,0.4888,0.4171,0.4437,0.4149,0.4174,0.3853,0.4807,0.5956,0.5205,0.4302,0.5669,0.4299,0.4965,0.5215,0.4497,0.5033,0.4759,0.4871,0.4627,0.4967,0.4773,0.5338,0.4784,0.4266,0.5937,0.4657,0.4342,0.5952,0.4601,0.4652,0.4459,0.4312,0.4661,0.5102,0.4334,0.3855,0.4815,0.4374,0.4445,0.5161,0.6221,0.3363,0.3566,0.4622,0.4198,0.4841,0.4416,0.4394,0.4212,0.4688,0.4694,0.4312,9999,0.5068,0.3988,0.482,0.4075,0.4828,0.451,0.4192,0.4294,0.3999,0.5045,0.3074,0.535,0.4048,0.4907,0.4857,0.464,0.452,0.4987,0.4847,0.4707,0.439,0.4458,0.4238,0.3904,0.438,0.4327,0.5192,0.4144,0.3929,0.4316,0.5324,0.428,0.4738,0.3899,0.3635,0.4429,0.3707,0.4387,0.3147,0.4801,0.3473,0.5827
Azithromycin,0.3708,0.3036,0.3196,0.2525,0.2892,0.2777,0.3446,0.4789,0.4175,0.3013,9999,0.3094,9999,9999,0.3236,0.3868,0.3469,0.3702,0.3457,0.3513,0.3658,0.4078,0.3703,0.2868,9999,0.3411,0.326,0.4671,0.3573,0.3468,0.317,0.32,0.334,0.4018,0.3098,0.2872,0.3557,0.3127,0.3373,0.4019,9999,0.2278,0.236,0.3383,0.2906,0.3692,0.3243,0.3327,0.2836,9999,0.348,0.3138,9999,0.3813,0.2942,0.3555,0.2853,0.3612,0.33,0.3048,0.3006,0.288,0.3522,0.2275,0.4104,0.2871,0.3693,0.3764,0.3428,0.3204,0.3698,0.359,0.3431,0.334,0.3146,0.3163,9999,0.3119,0.3209,0.3963,0.2908,0.2773,0.2999,0.3964,0.3202,0.3458,0.2739,0.2467,0.3215,0.2578,0.325,0.2056,0.3465,0.2475,9999
BCX4430 (Galidesivir),0.8447,0.7043,0.7386,0.7855,0.7548,0.6672,0.8077,0.933,9999,0.7245,9999,0.7645,0.8431,0.8248,0.7445,0.8051,0.7703,0.7914,0.7317,0.8275,0.7518,0.8417,0.7438,0.7661,9999,0.7554,0.7364,0.9242,0.7177,0.7536,0.781,0.6951,0.7907,0.7614,0.745,0.6158,0.7674,0.7367,0.7079,0.806,0.9165,0.5978,0.675,0.748,0.7456,0.7729,0.7267,0.7449,0.7351,0.7174,0.7638,0.7235,1.0364,0.7798,0.6761,9999,0.7264,0.7563,0.8103,0.6762,0.7608,0.6885,9999,0.5403,9999,0.7289,0.77,0.7838,0.7759,0.7524,0.7911,0.7857,0.797,0.6922,0.751,9999,0.6739,0.7528,0.7245,9999,0.7398,0.6928,0.7536,9999,0.6905,0.8209,0.6922,0.6941,9999,0.6687,0.7068,0.6097,9999,9999,9999
Benztropine,0.4505,0.366,0.4001,0.367,0.3758,0.3434,0.4387,0.5647,0.5022,0.3866,9999,0.38,0.4529,0.4802,0.4081,0.4693,0.4386,0.445,0.4199,0.4454,0.4356,0.495,0.4347,0.3667,9999,0.4159,0.3991,0.5665,0.4211,0.4228,0.3977,0.3894,0.4175,0.4713,0.3863,0.3402,0.4398,0.3979,0.4049,0.4778,0.5946,0.301,0.311,0.4199,0.3806,0.4508,0.384,0.4017,0.374,0.4331,0.4279,0.3901,0.6659,0.4681,0.3548,0.4344,0.3569,0.4402,0.414,0.3808,0.3817,0.3614,9999,0.2679,9999,0.3573,0.4509,0.4465,0.4232,0.4165,0.4559,0.4464,0.4286,0.4019,0.3965,0.3876,0.3484,0.397,0.3921,0.4755,0.3685,0.3382,0.3817,9999,0.3899,0.4298,0.355,0.3201,0.3983,0.3278,0.3972,0.2705,0.4471,0.3063,0.5442
Bepridil,0.9934,0.8386,0.8699,0.9679,0.9031,0.8157,0.9325,1.0672,9999,0.8564,9999,0.9263,0.9609,0.925,0.875,0.9453,0.8836,0.9347,0.8417,0.9504,0.8881,0.9227,0.8823,0.9748,0.9855,0.8739,0.8859,1.0029,0.8541,0.864,0.9184,0.8236,0.9155,0.8649,0.8912,0.7497,0.8834,0.8649,0.8147,0.9315,0.9653,0.779,0.8689,0.8575,0.9239,0.901,0.9092,0.9203,0.8877,0.8417,0.9077,0.8657,1.1207,0.8627,0.8366,0.8952,0.8665,0.8753,0.9439,0.8194,0.9167,0.8284,9999,0.7091,0.9026,0.9188,0.8826,0.9206,0.9099,0.8843,0.9068,0.9146,0.9376,0.7988,0.8944,0.8858,0.8382,0.878,0.9088,0.9025,0.8995,0.8543,0.9112,0.9582,0.8321,0.9795,0.85,0.8858,0.8523,0.8515,0.8191,0.803,0.9331,0.7115,1.081
Berberine,0.4727,0.3673,0.4014,0.3619,0.3785,9999,0.4444,9999,0.5236,0.3852,0.5554,0.3812,9999,9999,0.4101,0.4757,0.4438,0.4526,0.4238,0.4587,0.4358,0.5196,0.4394,0.3482,9999,0.4253,0.4016,9999,0.4206,0.4334,0.4054,0.3944,0.4235,0.4812,0.3817,0.3364,0.4499,0.3982,0.4135,0.4866,9999,0.2855,0.2883,9999,0.3764,0.462,0.3716,0.3939,0.3629,0.441,0.428,0.391,9999,0.4868,0.3419,0.4489,0.3545,0.4468,0.4284,0.3742,0.3807,0.3588,0.4461,0.2458,0.5195,0.3459,0.4581,0.4533,0.4258,0.4113,0.4625,0.4556,0.4355,0.405,0.3945,0.3812,9999,0.407,0.3771,0.4861,0.3649,0.3238,0.3817,0.5045,0.3879,0.439,0.3521,9999,0.3956,0.3204,0.4007,0.2515,0.4479,0.313,9999
Bevirimat,0.7938,0.6717,0.705,0.7325,0.703,0.641,0.7586,0.9043,0.7825,0.6919,0.8332,0.7172,0.784,0.7835,0.7101,0.7832,0.7346,0.7611,0.7102,0.7777,0.7402,0.7919,0.7375,0.746,0.8632,0.7208,0.7062,0.88,0.7074,0.7182,0.7264,0.6806,0.7394,0.7601,0.7052,0.6108,0.7399,0.6963,0.6846,0.7882,9999,0.5981,0.6481,0.7119,0.7209,0.7524,0.7218,0.7283,0.6971,0.7174,0.7423,0.6972,0.996,0.751,0.6557,0.7437,0.6753,0.742,0.7403,0.671,0.7151,0.6554,0.8038,0.5406,0.7834,0.6958,0.7466,0.7606,0.7376,0.7159,0.7614,0.7557,0.756,0.6753,0.7219,0.6993,0.6529,0.7096,0.7181,0.7785,0.6985,0.6577,0.7228,0.8058,0.687,0.7763,0.6674,0.6622,0.696,0.6558,0.6824,0.5906,0.7648,0.569,0.8989
Bithionol,0.3093,0.2582,0.277,9999,0.2345,0.2331,0.2972,0.4252,0.378,0.2601,0.4062,0.2419,0.3066,0.3575,0.2798,0.337,0.3135,0.3192,0.3126,0.3099,0.3227,0.3682,0.3286,0.2323,0.4155,0.298,0.2719,0.418,0.3132,0.3086,0.2609,0.284,0.2931,0.3761,0.2568,0.2521,0.3218,0.2723,0.3026,0.3578,0.4591,0.186,0.1779,0.3001,0.2364,0.3303,0.2726,0.2752,0.2334,0.3397,0.3026,0.2706,0.5117,0.3534,0.2413,0.3168,0.2281,0.3313,0.2708,0.2692,0.2429,0.2425,0.3077,0.1845,0.3738,0.2177,0.3299,0.3284,0.2929,0.2729,0.3309,0.3181,0.2901,0.3056,0.2666,0.2627,0.2454,0.2651,0.2699,0.3642,0.234,0.2276,0.2511,0.3516,0.2882,9999,0.2262,0.1849,0.2762,0.2015,0.2888,0.1456,0.3098,0.2096,9999
Bortezomib,0.7462,0.6149,0.6572,0.6909,0.6608,0.5931,0.7201,0.8598,9999,0.6414,0.7808,0.6725,0.7414,0.7336,0.6658,0.7393,0.692,0.7142,0.6532,0.7263,0.6861,9999,0.6732,0.6789,0.8199,0.6611,0.6667,0.8104,0.6596,0.6653,0.6753,0.6151,0.6878,0.6876,0.6615,0.5458,0.6867,0.6571,0.626,0.7341,0.8222,0.5443,0.6077,0.6713,0.6714,0.6969,0.6538,0.6824,0.658,0.653,0.6911,0.6442,9999,0.6915,0.6139,0.6916,0.632,0.6772,0.7132,0.618,0.6713,0.6165,0.7577,0.4903,0.7301,0.6547,0.6955,0.7074,0.6958,0.6885,0.7078,0.7047,0.7079,0.6207,0.6666,0.6579,9999,0.6585,0.6642,9999,0.655,0.6074,0.6596,0.7631,0.6202,0.729,0.6213,0.6129,0.6515,0.5997,0.6282,9999,0.7192,0.5103,9999
Brecanavir,0.8394,0.7316,0.7638,0.8069,0.7674,0.6978,0.813,0.9332,0.8233,0.7558,0.8723,0.7678,0.8376,0.8356,0.7687,0.8228,0.7947,0.8053,0.7648,0.8391,0.7809,0.8466,0.78,0.8109,0.8999,0.7769,0.7555,0.928,0.7474,0.7757,0.7887,0.7394,0.8073,0.8111,0.7597,0.6653,0.7958,0.7571,0.7431,0.8293,9999,0.6613,0.7126,0.765,0.7754,0.8057,0.7751,0.7724,0.7604,0.7622,0.7902,0.7528,1.026,0.8088,0.7007,0.8072,0.7344,0.7991,0.7956,0.7222,0.7699,0.7112,0.8685,0.5908,0.8425,0.7382,0.7931,0.8043,0.7888,0.7702,0.817,0.813,0.809,0.73,0.7773,0.7521,0.7022,0.7718,0.7665,0.8257,0.7545,0.7206,0.7843,0.8571,0.7458,0.8244,0.7274,0.7273,0.7461,0.7077,0.7398,0.6567,0.8279,0.637,0.9594
Brequinar,0.4537,0.3539,0.391,0.3684,0.3682,0.3284,0.442,0.5829,9999,0.3711,0.5403,0.3828,0.4538,0.4778,0.4034,0.4778,0.431,0.4455,0.4079,0.4386,0.4278,0.4947,0.4237,0.3382,0.5695,0.3973,0.4069,0.5603,0.4194,0.4123,0.38,0.3679,0.3925,0.4462,0.3794,0.3145,0.435,0.3883,0.3857,0.4793,9999,0.2905,0.3142,0.4129,0.3786,0.438,0.3668,0.4028,0.375,0.4105,0.4232,0.3733,9999,9999,0.3556,0.4195,0.3484,9999,0.4257,0.3688,9999,9999,0.4429,0.2498,0.4906,0.3543,0.4456,0.442,0.4234,0.4325,0.4407,0.4374,0.4209,9999,0.3845,0.3808,0.3434,0.3857,0.3767,0.4603,0.3649,9999,0.3611,0.4971,0.3616,0.4307,0.3519,0.3172,0.3923,0.3311,0.3819,9999,9999,9999,0.5299
Brincidofovir,0.5938,9999,0.4813,9999,0.4908,0.4231,0.5433,9999,0.5795,0.459,9999,0.5105,0.5734,0.5694,0.4911,0.5656,0.5121,9999,0.4725,0.5465,0.5067,0.58,0.497,0.4652,0.6417,0.4886,0.5067,9999,0.4894,0.4954,0.5084,0.4374,0.5099,0.4953,0.488,0.3771,0.5084,9999,0.4545,0.5561,0.6568,0.3598,0.4225,0.4948,0.4863,0.5201,0.4557,0.5077,0.4687,0.4778,0.5096,0.4692,0.7752,0.5122,0.4463,0.5218,9999,0.4866,9999,0.4334,0.4993,0.4519,0.5529,0.3319,0.5556,0.4881,0.5186,0.5362,0.5242,0.5091,0.5223,0.5265,9999,0.4483,0.478,0.488,0.4471,0.4872,0.4753,0.524,0.4819,0.4308,0.4692,0.5874,0.4316,0.5607,0.4453,0.4365,0.4765,9999,9999,0.3617,0.5239,0.3581,0.665
Caffeine,0.4998,0.4226,0.4408,0.414,0.4279,0.3969,0.4751,0.596,0.5208,0.4256,0.5503,0.4404,0.4913,0.5073,0.4448,0.5036,0.4683,0.4876,0.4572,0.4819,0.476,0.5223,0.4753,0.4408,9999,0.455,0.4458,9999,0.4593,0.4613,0.4488,0.4305,0.4663,0.502,0.4384,0.3851,0.4718,0.4356,0.4441,0.5132,0.5866,0.3569,0.3816,0.456,0.4316,0.4841,0.4483,0.4588,0.4208,0.4709,0.4673,0.4348,9999,0.489,0.4095,0.4788,0.4152,9999,0.4672,0.4173,0.4358,0.4056,0.5006,0.3365,0.5197,0.417,0.4801,0.4898,0.468,0.4457,0.4875,0.4799,0.4723,0.4397,0.4428,0.442,0.4163,0.4399,0.4431,0.5043,0.4253,0.4063,0.4368,0.5178,0.4354,0.4798,0.4073,0.3927,0.4386,0.3879,9999,0.3432,0.4787,0.3532,0.5747
Calanolide A,0.7959,0.6565,0.6762,0.7068,0.6959,0.6269,0.7305,0.8659,0.7295,0.6563,0.7673,0.7224,0.7687,0.7509,0.6768,0.7429,0.6931,0.7446,0.6643,0.7545,0.7026,0.7551,0.6961,0.7404,0.8009,0.6942,0.6884,0.8244,0.6688,0.6873,0.7254,0.6369,0.7329,0.6919,0.6953,0.5759,0.6949,0.6734,0.6457,0.7412,9999,0.5581,0.643,0.6803,0.693,0.7078,0.6976,0.7131,0.6684,0.6743,0.704,0.6719,0.9283,0.6907,0.6411,0.7302,0.6776,0.6877,0.7556,0.6208,0.7112,0.6335,0.7825,0.5385,0.7286,0.7033,0.6989,0.7328,0.7174,0.6685,0.7165,0.7163,0.7368,0.6368,0.6898,0.6881,0.6582,0.6852,0.6902,0.7205,0.6927,0.667,0.7001,0.7641,0.6412,0.7688,0.641,0.6597,0.6663,0.629,0.6451,0.5775,0.7168,0.5457,0.8742
Camostat,0.8054,0.6669,0.6926,0.7229,0.7081,0.6308,0.7521,0.8814,0.7503,0.6751,0.7986,0.7242,0.7907,0.7786,0.6953,0.7549,0.7182,0.7529,0.6851,0.7788,0.7098,0.7883,0.706,0.7315,0.8346,0.7138,0.6944,0.868,0.676,0.7094,0.7397,0.6541,0.7512,0.7153,0.7024,0.5849,0.7188,0.6912,0.6661,0.757,0.8492,0.5567,0.635,0.6985,0.6967,0.727,0.6924,0.7073,0.6805,0.6836,0.7163,0.6824,9999,9999,0.6387,0.754,0.6849,0.71,0.7672,0.6306,0.717,0.6448,0.7991,0.5223,9999,0.6931,0.7192,0.7426,0.7294,0.689,0.7393,0.7373,0.7499,0.653,0.7013,0.689,0.6486,0.7044,0.6868,0.7427,0.6967,0.6645,0.7091,9999,0.6518,0.7759,0.6464,0.6547,0.6781,0.6259,0.6625,0.5692,0.7363,0.5641,0.9062
Camptothecin,0.4855,0.3942,0.4277,0.4031,0.4051,0.3675,0.4586,0.5825,0.5178,0.4153,0.5499,0.415,9999,0.5132,0.4345,0.4873,0.4581,9999,0.4379,0.4858,0.4568,0.5154,0.4602,0.4076,9999,0.4467,0.4245,9999,0.4372,0.4456,0.4346,0.4138,0.4515,0.4878,0.4136,0.3665,0.4632,0.4229,0.4233,0.497,9999,0.3223,0.3428,0.4374,0.4093,0.4694,0.4164,0.4243,0.3986,0.454,0.4503,0.4167,9999,0.4881,0.3767,0.4651,0.3881,0.4627,9999,0.402,0.4134,0.385,0.4767,0.2939,0.5122,0.39,0.4716,0.4698,0.4453,0.43,0.4786,0.4733,0.4583,0.4206,0.4247,0.4095,0.376,0.4248,0.4178,0.497,0.3983,0.374,0.4161,0.5182,0.411,0.4641,0.378,0.3539,0.421,0.356,0.4195,0.2977,0.4679,0.3326,0.5746
Cepharanthine,9999,0.1309,0.1494,0.0582,0.1089,0.0949,0.1732,0.2925,0.258,0.1307,0.2913,0.1181,0.189,0.2437,0.1554,0.2059,0.1858,0.1884,0.1841,0.1833,0.1799,0.2587,0.1941,0.0452,0.2996,0.1735,0.1491,9999,0.1809,0.1887,9999,0.1554,0.154,0.2368,0.1216,0.1237,0.1982,0.1454,0.1763,0.2282,9999,0.04,0.0273,0.1685,0.0932,0.1999,0.1084,0.129,0.0958,0.196,0.1658,0.1362,0.3976,0.2338,0.106,0.1942,0.099,0.1963,0.1585,0.1295,0.1097,0.1203,0.1492,0.0422,0.2553,0.0766,0.2031,0.1977,0.1633,0.1532,0.1971,0.1893,0.1599,0.1734,0.1261,0.1238,0.0991,0.1429,0.1141,0.2248,0.0984,0.0771,0.1054,9999,0.1413,0.155,0.0916,0.0448,0.144,0.0681,0.16,0.0041,0.162,0.1078,0.2578
Chloroquine,9999,0.4411,0.479,0.4706,0.4743,9999,9999,0.685,9999,0.4605,9999,0.4846,9999,0.5789,0.4882,0.5587,0.5173,0.5373,0.4861,0.5465,0.5036,0.5951,0.5042,0.4354,9999,0.4986,0.4884,0.6934,0.4877,0.5054,9999,0.4532,0.507,0.5283,0.4701,0.3891,0.5187,0.48,0.4717,0.5613,9999,0.341,0.3799,0.4922,0.4638,0.5314,0.4426,0.4805,0.4509,0.4887,0.5076,0.466,9999,0.5421,0.4249,0.5271,0.4466,0.5069,9999,0.433,0.4771,0.4428,0.5386,0.3028,9999,0.4514,0.5257,0.5351,0.512,0.4983,0.5327,0.5304,0.5253,0.4586,0.4725,0.4664,0.4139,0.4869,0.461,0.5447,0.4587,0.4071,0.4624,9999,0.4421,0.5415,0.4264,0.402,0.4684,0.4015,0.46,0.3293,0.5233,0.3723,9999
Chlorpromazine,0.5206,0.4193,0.4538,0.427,0.4367,9999,9999,0.6334,9999,0.438,0.5917,0.4433,0.5176,0.5404,0.4627,0.5256,0.4921,9999,0.4673,0.5068,0.4839,0.5577,0.4825,0.4159,0.616,0.47,0.4562,0.6339,0.4706,0.4773,0.4603,0.436,0.4773,0.5163,0.4419,0.3814,0.4916,0.4532,0.4548,0.5321,0.6573,0.3371,0.3594,0.4718,0.4318,0.5032,0.4313,0.4528,0.4272,0.4759,0.4806,0.4408,0.7377,0.5196,0.4057,0.494,0.4169,0.4871,0.4853,0.4223,0.4408,0.4169,0.5096,0.3014,9999,0.4142,0.5017,0.5024,0.48,0.4722,0.5095,0.5017,0.4878,0.4465,0.4484,0.4409,0.3981,0.4538,0.4401,0.5239,0.4265,0.3908,0.4341,9999,0.431,0.4937,0.4029,0.3741,0.4486,0.3745,0.4449,0.3171,0.4989,0.3527,9999
Cidofovir,0.4608,9999,0.379,9999,0.3632,0.3211,0.4341,9999,0.5096,0.36,0.5411,0.3693,0.4588,0.4737,0.3876,0.469,0.4244,9999,0.4064,0.4306,0.4254,0.5018,0.419,0.3353,9999,0.3978,0.39,9999,9999,0.4115,0.3819,0.3674,0.3963,0.4562,0.3694,0.3037,9999,9999,0.3904,0.4749,0.6138,0.2763,0.2847,9999,0.3718,0.4433,0.3528,0.3939,0.3511,0.4232,0.4138,0.3724,0.6967,0.46,0.3313,0.4271,9999,0.4217,9999,0.3564,0.3693,0.3397,0.4371,0.2361,0.4955,0.3389,0.4419,0.44,9999,0.4008,0.4399,0.4325,9999,0.385,0.38,0.3738,0.3304,0.3891,0.3608,0.4653,0.355,0.3015,0.3651,0.4853,0.3675,0.4288,0.3479,0.304,0.3825,0.3161,9999,0.2429,0.4314,0.2826,0.5502
Clevudine,0.9442,0.8092,0.8444,0.9156,0.8648,0.782,0.9085,1.0377,0.9018,0.8342,0.9483,0.8745,0.9385,0.9067,0.849,0.9177,0.8723,0.8983,0.8357,0.9217,0.8697,9999,0.8568,0.9262,0.9883,0.855,0.845,0.9974,0.8291,0.8492,0.8851,0.8054,0.894,0.8713,0.8586,0.7233,0.8671,0.8384,0.8088,0.9136,0.982,0.7422,0.8158,0.8508,0.8804,0.8854,0.8686,0.8799,0.8556,0.8347,0.8792,0.839,1.121,0.8716,0.7923,0.8868,0.8315,0.8671,0.9019,0.7974,0.8753,0.789,0.9747,0.6705,0.9097,0.8577,0.8728,0.8934,0.8854,0.8573,0.8981,0.8932,0.9082,0.7956,0.8704,0.8524,0.7958,0.857,0.8633,0.8984,0.8573,0.8131,0.8799,0.9417,0.8183,0.9342,0.8205,0.83,0.8346,0.8008,0.8117,0.75,0.9174,0.6912,1.0612
Clomipramine,0.2616,0.2036,0.2362,0.162,0.1936,0.1764,0.2525,0.3617,0.3442,0.2258,9999,0.1921,0.2704,0.3279,0.2439,0.286,0.2738,0.2694,0.2626,0.2786,0.2656,0.3353,0.2742,0.1594,0.3813,0.2605,0.2248,0.4296,0.256,0.2651,0.2247,0.2392,0.249,0.3242,0.2057,0.2042,0.2801,0.2331,0.256,0.3047,0.4514,0.1314,0.1165,0.2538,0.1863,0.2842,0.2008,0.2081,0.1876,0.284,0.2493,0.2228,0.4796,0.3247,0.1774,0.2755,0.1803,0.2853,0.223,0.2229,0.1945,0.1945,0.2479,0.1177,9999,0.1601,0.2907,0.2725,0.2425,0.2366,0.2922,0.2813,0.2487,0.2575,0.2199,0.2052,0.1731,0.2307,0.2068,0.316,0.181,0.1654,0.2013,9999,0.2315,0.2372,0.177,0.1276,0.2323,0.1437,0.2466,0.0881,0.2665,0.1765,0.3508
Cyclosporine,0.8327,0.7351,0.7498,0.7904,0.7599,0.7077,0.8027,9999,9999,0.7324,0.8324,0.7882,0.8204,0.7971,0.7512,0.8213,0.7678,0.8105,0.7478,0.81,0.7887,0.8085,0.7767,0.8469,9999,0.7577,0.7576,0.832,0.7569,0.7536,0.7774,0.7154,0.7926,0.7759,0.7737,0.6568,0.7688,0.7409,0.7196,0.8196,9999,0.6714,0.7457,0.7611,0.7815,0.7791,0.807,0.8021,0.7646,0.7517,0.7881,0.746,9999,0.7571,0.7324,0.7843,0.7479,0.7673,0.7995,0.7142,0.7825,0.7064,0.8763,0.6316,0.798,0.7787,0.7748,9999,0.7921,0.7589,0.793,0.7854,0.8014,0.7121,0.7761,0.7684,0.7441,0.7478,0.7821,9999,0.7698,0.7498,0.7808,0.8284,0.7315,0.8285,0.7281,0.748,0.7498,9999,0.7238,9999,9999,9999,9999
CYT107,0.5536,0.4624,0.4868,0.4626,0.4635,0.4283,0.5234,0.6621,0.5719,0.4718,0.6207,0.4792,0.5436,0.5735,0.4913,0.5534,0.5158,0.5358,0.5057,0.547,0.522,9999,0.5299,0.4759,9999,0.5089,0.4848,0.6626,0.5021,0.5103,0.4921,0.4793,0.5092,0.561,0.4732,0.4285,0.5284,0.4771,0.4883,0.5687,9999,0.3788,0.4025,0.4951,0.4715,0.534,0.4892,0.4888,0.4587,0.5167,0.5177,0.4765,0.7539,0.5497,0.4411,0.5266,0.4481,0.5308,0.5016,0.461,0.4739,0.4471,0.5445,0.3456,0.5792,0.4492,0.5331,0.5391,0.5071,0.4882,0.5393,0.5324,0.5182,0.4801,0.4892,0.4669,0.4358,0.4845,0.4824,0.5679,0.4603,0.4324,0.4823,0.5786,0.4763,0.5283,0.4363,0.4167,0.4782,0.4269,0.4787,0.3595,0.5245,0.3908,0.6403
Daclatasvir,0.7641,0.6426,0.6807,0.7205,0.6808,0.6223,0.7343,0.8697,0.7409,0.6619,0.7793,0.7114,0.7513,0.7488,0.6903,0.7577,0.7019,0.7473,0.6629,0.7509,0.7075,0.7464,0.6974,0.726,9999,0.6858,0.6966,0.795,0.6873,0.6788,0.7023,0.6312,0.7106,0.6853,0.6928,0.5785,0.6993,0.6801,0.6386,0.745,0.8014,0.5686,0.6539,0.6857,0.6924,0.7044,0.7016,0.7128,0.6907,0.6633,0.7141,0.6632,0.9318,0.6886,0.6553,0.7027,0.6668,0.6837,0.7314,0.6378,0.7014,0.6467,0.7829,0.5281,0.74,0.7041,0.7078,0.7251,0.7153,0.71,0.7206,0.7203,0.7266,0.6298,0.6884,0.6835,0.6487,0.6706,0.7015,0.7248,0.6856,0.6554,0.6785,0.7787,0.6298,0.7539,0.6346,0.644,0.6765,0.6272,0.642,0.5807,0.73,0.5282,0.8443
Dalbavancin,0.6406,0.528,0.5558,0.5439,0.5438,0.5045,0.6026,0.7599,0.6484,0.5333,9999,0.5663,0.6171,9999,0.5613,0.642,0.5869,0.621,0.5635,0.6084,0.5987,0.6368,0.5972,0.567,0.705,0.5625,0.572,0.6917,0.5832,0.5714,0.56,0.5317,0.5774,0.6093,0.5559,0.4794,0.5912,0.5524,0.5398,0.6437,0.7095,0.4593,0.5012,0.5672,0.5589,0.6039,0.5712,0.592,0.5394,0.5815,0.594,0.5488,0.8313,0.5902,0.5313,0.5858,0.5216,0.5874,0.5981,0.5297,0.5584,0.5218,0.6305,0.4324,9999,0.5515,0.5966,0.6194,0.5913,0.5734,0.6026,0.6019,0.5956,0.5383,0.5562,0.5635,0.534,0.5453,0.5761,0.6204,0.5464,0.5162,0.5493,9999,0.5395,0.6158,0.5184,0.509,0.5493,0.5059,0.5352,0.4454,0.6049,0.4295,9999
Darunavir,0.7904,0.6672,0.6846,0.728,0.7101,0.6366,0.7373,0.8535,0.7351,0.6724,0.7706,0.7274,0.7715,0.7397,0.6853,0.748,0.7019,0.7402,0.6791,0.7462,0.7108,0.7551,0.7061,0.7574,0.8002,0.7023,0.6895,0.8324,0.6765,0.6952,0.7346,0.6572,0.7355,0.7105,0.7051,0.5915,0.7015,0.6781,0.6583,9999,9999,9999,0.6558,0.6885,0.7151,0.7235,0.7121,0.726,0.682,0.6852,0.7143,0.6879,0.9196,0.7041,0.6479,0.7305,0.6831,0.7042,0.7481,0.6387,0.7204,0.6341,0.7871,0.5581,0.7303,0.7116,0.7084,0.7384,0.7253,0.6792,0.7299,0.7252,0.7475,0.6476,0.7068,0.7034,0.6593,0.6991,0.7062,0.728,0.7021,0.6718,0.7213,0.7624,0.6684,0.7744,0.6646,0.6822,0.6765,0.6511,0.6593,0.6067,0.7327,0.5663,0.8778
Dasatinib,0.7134,0.6233,0.6518,9999,0.6453,0.5924,0.6972,0.8156,9999,0.6401,0.7609,0.6523,0.7141,9999,0.6574,0.7111,0.6824,0.6939,0.6571,0.7139,0.6731,0.7353,0.6708,0.6716,9999,0.6643,0.6466,0.7929,0.6502,0.6661,0.6679,0.6276,0.6883,0.7006,0.6483,0.5674,0.6815,0.6478,0.6386,0.718,9999,0.5434,0.5925,0.6608,0.6448,0.689,0.6577,0.6574,0.6437,0.6541,0.677,0.6376,0.9,0.6967,0.6028,0.6922,0.6251,0.6819,0.6796,0.6131,0.6509,0.6083,0.7414,0.4958,9999,0.6242,0.6844,0.6928,0.6765,0.664,0.7031,0.6948,0.6879,0.6276,0.6575,0.6416,0.6006,0.6514,0.6515,0.7118,0.6373,0.6129,0.654,9999,0.6295,0.6984,0.6056,0.5997,0.6409,0.5847,0.6333,0.5401,0.7023,0.5343,0.8196
Delavirdine,0.9128,0.7586,0.7876,0.8551,0.8182,0.7182,0.8525,0.9707,0.8332,0.7749,0.885,0.833,0.8968,0.8673,0.7916,0.8465,0.8088,0.8437,0.768,0.8806,0.7932,0.877,0.7917,0.8405,0.9248,0.8085,0.7859,0.9814,0.7572,0.7979,0.8492,0.7436,0.8484,0.7937,0.8007,0.6646,0.8079,0.784,0.7456,0.8452,9999,0.6519,0.7341,0.7837,0.8072,0.8187,0.7877,0.801,0.7829,0.7576,0.8096,0.7789,1.0669,0.8124,0.7252,0.8447,0.7841,0.7988,0.8693,0.7173,0.8242,0.7321,0.8988,0.5969,0.8475,0.8012,0.807,0.8328,0.824,0.7861,0.8343,0.8342,0.8556,0.7268,0.8031,0.7841,0.7274,0.8058,0.7831,0.8242,0.8001,0.7564,0.818,0.8889,0.7388,0.8883,0.7454,0.7663,0.7679,0.7279,0.7466,0.6731,0.8348,0.6511,1.0222
Dibucaine,0.5195,0.4555,0.4745,0.4463,0.4514,0.4369,0.5069,0.6406,0.5566,0.4586,0.5856,0.4646,9999,9999,0.4764,9999,0.5058,0.5228,0.4999,0.5085,0.5268,0.5444,0.5203,0.5024,9999,0.4824,0.4796,0.5704,0.5056,0.4917,0.4657,0.4679,0.4934,0.5521,0.4733,0.4233,0.5097,0.4667,0.4796,0.5567,0.6025,0.413,0.4338,0.4958,0.4772,0.5234,0.5066,0.5109,0.463,0.5232,0.5118,0.4727,0.6967,0.52,0.4538,0.5038,0.4406,0.5188,0.4841,0.4682,0.4666,0.4392,0.5499,0.3889,0.5477,0.4541,0.5186,0.5297,0.5048,0.4824,0.5236,0.514,0.502,0.4821,0.4838,0.4832,0.4647,0.4651,0.497,0.5519,0.4604,0.4455,0.4766,0.546,0.4875,0.5078,0.4517,0.4314,0.4775,0.4354,0.4746,0.3874,0.5278,0.3722,0.597
Didanosine,0.7615,0.6384,0.6752,0.6958,0.6738,0.6082,0.7302,0.8689,0.7631,0.6627,0.807,0.6771,0.759,0.7612,0.6814,0.7487,0.7124,0.7277,0.6823,0.7501,0.7037,0.7767,0.699,0.6972,0.8381,0.6926,0.6735,0.8665,0.671,0.6939,0.6981,0.6503,0.7161,0.7314,0.671,0.5763,0.713,0.671,0.6622,0.7531,9999,0.5601,0.6059,0.687,0.6807,0.726,0.6725,0.687,0.6626,0.6886,0.7055,0.6652,0.975,0.7333,0.6131,0.7244,0.6433,0.7125,0.7169,0.6355,0.679,0.6237,0.7726,0.5009,0.7699,0.6485,0.7176,0.7255,0.7075,0.6853,0.7341,0.7288,0.7245,0.6518,0.6851,0.666,0.6153,0.6851,0.6721,0.7482,0.662,0.6204,0.6853,0.7798,0.6548,0.7389,0.636,0.621,0.6646,0.6092,0.657,0.5472,0.7394,0.5474,0.8782
Diphyllin,0.6857,0.6006,0.6299,0.6351,0.6155,0.568,0.6685,0.7866,0.697,0.6192,9999,0.6212,0.6857,0.7055,0.6362,0.6862,0.6607,0.6718,0.6372,0.6953,0.6518,0.7133,0.6551,0.6447,0.7666,0.6471,0.6198,0.7851,0.6302,0.6455,0.6411,0.6128,0.6638,0.6872,0.6191,0.5555,0.6646,0.624,0.6204,0.6957,9999,0.5243,0.558,0.6354,0.6186,0.67,0.6375,0.6263,0.6153,0.6401,0.6544,0.6159,9999,0.6833,0.5747,0.6677,0.5943,0.6668,0.6435,0.5963,0.6214,0.5831,0.7097,0.4711,0.7179,0.5927,0.665,0.6678,0.6475,0.6362,0.6837,0.6759,0.6619,0.6089,0.6341,0.6103,0.5704,0.6278,0.6263,0.698,0.607,0.5846,0.6306,0.7198,0.6122,0.6702,0.5787,0.5687,0.6171,0.56,0.6136,0.5112,0.6801,0.5181,0.7951
Dolutegravir,0.4639,0.3877,0.4077,0.3645,0.3823,0.3497,0.4417,0.5608,0.4954,0.3929,0.5378,0.3935,0.4638,0.4933,0.412,0.4666,0.4401,0.4525,0.4326,0.4604,0.4405,0.5086,0.4494,0.376,0.5577,0.4369,0.3987,0.5896,0.4246,0.4385,0.4146,0.406,0.4323,0.4857,0.3932,0.3588,0.4509,0.3996,0.4189,0.4841,9999,0.2986,0.3062,0.4231,0.3786,0.457,0.3992,0.4002,0.3715,0.4435,0.431,0.3987,0.6645,0.4817,0.3569,0.4555,0.3683,0.4545,0.419,0.3807,0.3897,0.3614,0.4546,0.2747,0.5061,0.3599,0.4567,0.456,0.4274,0.4043,0.4637,0.452,0.4358,0.4105,0.4055,0.387,0.3524,0.4079,0.39,0.4872,0.3742,0.3519,0.3963,0.4946,0.3996,0.4389,0.3546,0.3256,0.4024,0.3343,0.4076,0.2731,0.438,0.3302,0.5546
Doxycycline,0.7051,0.5959,0.6305,0.6464,0.6305,9999,0.6818,0.8085,9999,0.6217,0.7538,0.6331,0.7099,0.7018,0.6349,0.7015,0.6647,0.6772,0.641,0.693,0.6678,0.7231,0.6558,0.6653,0.7864,0.6477,0.6248,0.8073,0.6303,0.6456,0.6541,0.6088,0.6702,0.6922,0.6326,0.5384,0.6615,0.6241,0.6202,0.7075,0.8032,0.5314,0.5679,0.65,0.6432,0.6793,0.6366,0.6497,0.6209,0.6531,0.6617,0.6266,0.9085,0.6885,0.5751,0.6766,0.6054,0.6686,0.6627,0.6011,0.639,0.5751,0.7275,0.4791,0.7147,0.6128,0.6767,0.6801,0.6649,0.638,0.6927,0.68,0.6824,0.6151,0.6505,0.6296,0.58,0.6424,0.6342,0.7037,0.6224,0.5841,0.6502,0.7262,0.621,0.6924,0.6013,0.5841,0.6299,0.5719,0.6207,9999,0.6947,0.5053,0.818
Efavirenz,0.5866,0.4602,0.4972,0.4993,0.4938,0.4294,0.5531,0.683,0.5833,0.4799,0.6276,0.505,0.5816,0.5896,0.5053,0.5672,0.5317,0.5505,0.4991,0.5672,0.5168,0.6013,0.5141,0.4691,0.6602,0.512,0.5035,0.6852,0.497,0.5172,0.5173,0.4639,0.5263,0.5324,0.4915,0.4028,0.5321,0.498,0.4796,0.5694,9999,0.3651,0.4162,0.5095,0.4844,0.5365,0.4659,0.499,0.4774,0.4963,0.5202,0.4811,0.7883,0.5475,0.4445,0.5444,0.4688,0.5195,0.5537,0.4507,0.4986,0.4591,0.5656,0.3311,0.5826,0.4732,0.5373,0.545,0.5286,0.5167,0.5446,0.5428,0.5399,0.4716,0.4928,0.484,0.4383,0.5018,0.4789,0.5523,0.4806,0.4363,0.4835,0.6024,0.4547,0.5563,0.4474,0.4293,0.4872,0.4243,0.4751,0.3592,0.5372,0.3857,0.6776
Eflornithine,0.5677,0.4477,0.4857,0.4798,0.4747,9999,0.5411,9999,9999,0.4667,0.6238,0.4883,0.5639,9999,0.4947,0.5633,0.5225,0.5417,0.4923,0.5512,0.5139,0.5897,0.5084,0.4566,0.6569,0.4978,0.495,9999,0.4962,0.5053,0.4955,0.4539,0.5084,0.5284,0.4792,0.3945,0.5234,0.4853,0.4717,0.5645,0.6849,0.3607,0.4071,0.5029,0.4737,0.5279,0.461,0.4927,0.4685,0.4936,0.5139,0.4692,0.7813,0.5388,0.4395,9999,0.4537,0.51,0.5357,0.4472,0.4833,0.4503,0.5557,0.3243,9999,0.4596,0.5313,0.5358,0.5183,0.5114,0.5353,0.5319,0.5252,0.4656,0.4824,0.4735,0.4323,0.486,0.471,0.5491,0.4673,0.4225,0.468,0.5928,0.4475,0.5401,0.4383,9999,0.4808,0.4151,0.4676,9999,0.5301,0.3688,9999
EIPA (amiloride),0.4808,0.3931,0.4236,0.3894,0.4012,9999,0.4649,0.6009,0.5379,0.4095,9999,0.4037,9999,9999,9999,0.501,0.4648,0.473,0.4526,0.4695,0.471,0.5277,0.4659,0.4074,0.5889,0.4429,0.4244,9999,0.4479,0.4512,0.4228,0.4193,0.4452,0.5097,0.4131,0.3623,0.4685,0.418,0.4376,0.511,0.6279,0.3355,0.3404,0.4501,0.4152,0.4847,0.4174,0.4375,0.398,9999,9999,0.4191,0.7032,0.5015,0.3762,0.4665,0.3815,9999,9999,0.4097,9999,0.379,9999,9999,0.5299,0.3804,0.4819,0.4778,0.454,0.4342,0.4854,0.4739,0.4584,0.4355,0.4286,0.4177,0.3795,0.4285,0.418,0.513,0.3961,0.3616,0.4172,0.5158,0.4273,0.4594,0.3922,0.3519,0.4269,0.3612,0.4295,0.2996,0.4797,0.3293,0.5771
Emetine,0.5496,0.4132,0.4513,0.4333,0.4405,0.3926,0.5036,9999,0.5781,0.4301,9999,0.456,0.5326,9999,0.4606,0.5419,0.4893,0.524,0.461,0.5146,0.494,0.5605,0.4915,0.4331,0.627,0.473,0.467,0.6595,9999,0.4759,9999,0.4309,9999,0.5057,0.4475,0.3723,0.4933,0.4512,0.4468,0.5389,9999,0.3385,9999,0.4691,0.4487,0.5107,0.436,0.473,0.4231,0.4862,0.4866,0.4454,0.767,0.5127,0.4072,0.494,0.4156,0.4827,0.5026,0.4207,0.4519,0.4108,0.5148,0.3053,9999,0.4373,0.5052,0.5129,0.4887,0.4651,0.5074,0.5063,0.4997,0.441,9999,0.4497,0.4079,0.4565,0.4491,9999,0.4338,0.3893,0.4394,9999,0.4284,0.516,0.4107,0.3813,0.4497,0.3845,0.4387,0.3122,0.5032,0.3386,9999
Emodin,0.8002,0.6874,0.7194,0.7497,0.7212,0.6561,0.7758,9999,0.788,0.7052,0.8372,0.7283,9999,9999,0.7261,0.79,0.7535,9999,0.7205,0.7883,0.7423,9999,0.7367,0.7465,0.87,0.7251,0.7193,9999,0.7167,0.7314,0.7361,0.6874,0.7552,0.7625,0.7181,0.6151,0.7519,0.7145,0.6958,0.7937,0.8808,0.6136,0.6646,0.7283,0.7286,0.7597,0.7259,0.7342,0.7164,0.7169,0.7495,0.7063,9999,0.7604,0.6687,0.7594,0.6919,0.7478,0.7656,0.6779,0.727,0.6741,0.8207,0.5491,0.8,0.6976,0.7525,0.7652,0.7513,0.7395,0.7713,0.7676,0.7646,0.685,0.729,0.7134,0.6689,0.7212,0.7187,0.777,0.713,0.6729,0.7285,9999,0.6925,0.7828,0.6825,0.6804,0.7067,0.6609,0.6943,0.6093,0.7793,0.5827,9999
Emtricitabine,0.8342,0.6969,0.7328,0.7769,0.7462,0.6654,0.7974,0.9245,0.7838,0.7199,0.8444,0.7545,0.8342,0.8159,0.735,0.7958,0.7638,0.7833,0.727,0.8234,0.7518,0.8265,0.7385,0.7798,0.8864,0.747,0.7274,0.8983,0.7089,0.744,0.7729,0.6876,0.7894,0.7601,0.7407,0.6106,0.759,0.7308,0.7,0.7986,9999,0.5953,0.6798,0.7446,0.7435,0.7639,0.7283,0.7447,0.7301,0.72,0.7586,0.7208,1.0199,0.7695,0.6718,0.7927,0.721,0.7541,0.799,0.6758,0.7559,0.6815,0.8545,0.5491,0.8031,0.7266,0.7632,0.7792,0.7697,0.7377,0.7838,0.7773,0.7906,0.6927,0.7491,0.7248,0.6784,0.7444,0.7272,0.7872,0.7363,0.697,0.7546,0.8376,0.6925,0.8131,0.6897,0.6905,0.7212,0.6655,0.7025,0.6048,0.7894,0.5865,0.9496
Enfuvirtide,0.6243,0.5285,0.5584,0.5531,0.5454,0.4967,0.608,0.7368,0.6488,0.5458,0.6943,0.5459,0.6311,0.6416,0.5634,0.6282,0.5992,0.6045,0.5811,0.6212,0.5934,0.6632,0.5897,0.5632,0.7218,0.5783,0.5521,0.7358,0.5637,0.5843,0.5682,0.5455,0.5919,0.632,0.5501,0.4785,0.6027,0.5524,0.5611,0.639,9999,0.4561,0.4816,0.5787,0.5542,0.6122,0.5543,0.5656,0.5412,0.5877,0.5885,0.5499,0.8418,0.6292,0.5003,0.6094,0.5214,0.6052,0.5847,0.5294,0.551,0.5084,0.645,0.405,0.6613,0.5151,0.6075,0.6076,0.5886,0.5667,0.6184,0.6085,0.5974,0.5537,0.5668,0.5459,0.503,0.5663,0.5479,0.6413,0.5365,0.5005,0.5622,0.6555,0.5513,0.6034,0.5219,0.4937,0.5534,0.4936,0.5535,0.431,0.6167,0.4512,0.736
Entecavir,0.7465,0.6314,0.6601,0.6862,0.6638,0.6026,0.7162,0.8474,0.723,0.6438,0.7697,0.6791,0.7381,0.7301,0.6645,0.732,0.6891,0.7145,0.6607,0.7265,0.6884,9999,0.681,0.6967,0.8036,0.6689,0.6653,0.7957,0.661,0.6718,0.682,0.6262,0.6965,0.6951,0.6667,0.562,0.6888,0.6565,0.6348,0.733,0.8021,0.554,0.617,0.6708,0.6715,0.6973,0.6715,0.6869,0.658,0.6603,0.6918,0.6503,0.9236,0.6904,0.6211,0.7007,0.6402,0.6842,0.7116,0.6195,0.6753,0.6182,0.7614,0.5112,0.726,0.6583,0.6924,0.7112,0.6965,0.6758,0.7068,0.7028,0.7074,0.6278,0.671,0.6623,0.6231,0.6611,0.6697,0.7149,0.6603,0.6258,0.6703,0.7533,0.6326,0.7288,0.625,0.6248,0.6518,0.6095,0.6342,0.5553,0.7124,0.5274,0.8411
Erlotinib,0.5473,0.4382,0.4755,9999,0.4636,0.4218,0.5245,0.6681,9999,0.4598,9999,0.4718,0.5448,0.5516,0.4808,0.5588,0.5139,0.5302,0.4913,0.5258,0.5218,0.5665,0.5091,0.4792,9999,0.4838,0.485,0.6293,0.4945,0.4926,0.4797,0.4526,0.4984,0.5386,0.4744,0.3944,0.5114,0.4738,0.4682,0.5614,0.6489,0.3819,0.4166,0.4998,0.4807,0.5268,0.4715,0.5061,0.461,0.51,0.5107,0.4706,0.7571,0.5278,0.438,0.5132,0.441,0.5123,0.5117,0.4561,0.4747,0.4355,0.553,0.3528,0.5533,0.4589,0.5263,0.5338,0.5133,0.4948,0.5294,0.5224,0.5178,0.4724,0.4822,0.4817,0.4436,0.4759,0.4853,0.5482,0.462,0.4243,0.4724,0.57,0.4662,0.5277,0.4478,0.4191,0.4777,0.421,0.4672,0.3586,0.5352,0.3562,0.6367
Ezetimibe,0,0,0,0,0,0,0,0.0598,0.0717,0,0.0784,0,0,0.018,0,0,0,0,0,0,0,9999,0,0,9999,9999,0,0.1041,0,0,0,0,0,0.0371,0,0,0,0,0,0.0087,9999,0,0,0,0,0,0,0,0,0.0074,0,0,0.166,0.0228,0,0,0,0,0,0,0,0,0,0,0.044,0,0,0,0,0,0,0,0,0,0,0,0,0,0,9999,0,0,0,0,0,0,0,0,0,0,0,0,0,0,9999
Famciclovir,0.6851,0.536,0.5801,0.6088,0.5802,0.5057,0.6482,0.7871,0.6493,0.5577,0.707,0.6046,0.6777,0.6797,0.5896,0.6548,0.611,0.6439,0.5662,0.6706,0.5946,0.6796,0.5865,0.5662,0.7535,0.5906,0.5911,0.7465,0.5737,0.5908,0.6053,0.5232,0.6126,9999,9999,0.4605,0.6104,0.5833,0.5391,0.6481,0.7656,0.4216,0.5113,0.5899,0.5711,0.6042,0.5508,0.5832,0.5739,0.5522,0.6062,0.5555,0.8854,0.6096,0.5326,0.6244,0.561,0.584,0.6563,0.5196,0.5947,0.5474,0.6712,0.3858,0.6577,0.5769,0.6135,0.6253,0.615,0.6097,0.6207,0.6222,0.6275,0.5298,0.5768,0.5613,0.5197,0.5777,0.5619,0.626,0.574,0.5247,0.5636,0.6981,0.5077,0.6558,0.5183,0.5115,0.5697,0.5034,0.5398,0.4317,0.6184,0.4355,0.7736
Favipiravir,0,0,9999,0,0,9999,9999,0,0,0,9999,0,0,0,0,0,0,0,0,0,0,0,0,0,0,0,0,0,0,9999,0,0,0,0,0,0,0,0,0,0,0,0,0,0,0,0,0,0,0,0,0,0,9999,9999,9999,0,0,0,0,0,9999,9999,9999,0,0,0,0,0,0,9999,0,0,0,0,9999,0,0,0,0,9999,0,0,0,0,0,0,9999,0,0,0,0,0,0,9999,9999
Filociclovir,0.0716,9999,0.0675,0,0.0086,0.0239,0.063,9999,0.1997,0.0591,0.2178,0.0017,0.0776,0.1557,0.071,0.1093,0.1052,9999,0.1273,0.076,0.1112,0.1862,0.1343,0,0.2053,0.1128,0.0471,0.2921,0.1122,0.1212,0.051,0.1151,0.0774,0.2202,0.026,0.0931,0.1199,9999,0.1412,0.15,0.3134,0,0,0.0926,0,0.1405,0.0363,0.0278,0,0.1652,0.0789,0.0648,0.2937,0.1984,0.0097,0.1193,0.0058,0.1468,9999,0.0689,0.0005,0.024,0.0345,0,0.2094,0,0.1368,0.1157,0.0664,0.0416,0.1376,0.1137,0.068,0.1344,0.0469,0.037,0.0075,0.0692,0.0309,0.1752,0,0,0.0275,0.1337,0.1062,0.0376,0.0045,0,0.0676,0,0.1122,0,0.081,0.0727,0.1554
Flavopiridol,0.4026,9999,0.3469,0.3076,0.3204,0.2838,0.3894,0.5161,0.4458,0.3296,0.4906,0.3283,0.4055,0.435,0.3543,0.4162,0.3866,0.389,0.3728,0.394,0.3767,0.4531,0.3807,0.2829,0.5118,0.361,0.3499,9999,0.3666,0.3767,0.3382,0.3359,0.3542,0.4174,0.3279,0.2849,0.3942,0.3422,0.3528,0.4295,0.5563,0.2398,0.2539,0.3657,0.3192,0.3954,0.316,0.3434,0.3176,0.3729,0.3713,0.3317,9999,0.4172,0.3005,0.3881,0.3,0.3888,0.3709,0.3216,0.3235,0.3127,0.3875,0.2113,0.4447,0.2913,0.3978,0.3965,0.3715,0.3686,0.3958,0.3904,0.3701,0.3485,0.3364,0.328,0.291,0.3439,0.323,0.4182,0.3115,0.2727,0.319,0.4423,0.3289,0.3742,0.3018,0.2637,0.3408,0.2802,0.3435,0.2126,0.3808,0.2664,0.484
Fluoxetine,0.6304,0.4954,0.5361,0.5349,0.5282,0.4697,0.598,0.7445,9999,0.5178,0.6818,0.5345,0.6279,9999,9999,0.6149,0.5785,0.5932,0.5462,0.6131,0.5681,0.65,0.5594,0.5209,9999,0.5545,0.5374,0.7268,0.5404,0.5601,0.5532,0.5055,0.5717,0.5903,0.5292,0.4365,0.5783,0.5367,0.5257,0.6182,0.7532,0.3988,0.4453,0.5572,0.527,0.5869,0.5101,0.5409,0.5144,0.5534,0.5667,0.5241,0.8587,0.6003,0.4772,0.5903,0.5025,0.5708,0.5907,0.4947,0.5365,0.4932,0.6213,0.3574,0.6362,0.5071,0.5848,0.5911,0.5713,0.5506,0.5932,0.5873,0.5829,0.5193,0.5383,0.5215,0.474,0.5429,0.5206,0.6112,0.5184,0.4698,0.5297,0.6464,0.5043,0.5979,0.4875,0.4579,0.5291,0.4583,0.5183,0.3822,0.5921,0.4111,0.7382
Fluvastatin,0.8972,0.7424,0.7762,0.8433,0.8024,0.713,0.8468,0.9814,9999,0.7577,0.872,0.8281,0.8789,0.8478,0.7808,0.8484,0.7968,0.839,0.7528,0.8612,0.7903,0.8526,0.7777,0.8338,9999,0.7805,0.7903,0.9103,0.7581,0.7776,0.8229,0.716,0.8249,0.768,0.7964,0.6445,0.7909,0.7764,0.7232,0.8395,0.8949,0.6419,0.7533,0.7782,0.7995,0.7977,0.7829,0.8106,0.7867,0.7386,0.8058,0.762,9999,0.7771,0.7391,0.8203,0.7771,0.7752,0.8668,0.7105,0.8162,0.7379,0.8985,0.6018,0.8221,0.8082,0.7938,0.8272,0.8205,0.7965,0.8129,0.8151,0.8391,0.7121,0.7893,0.7844,0.74,0.7807,0.7888,0.8052,0.7973,0.7543,0.7938,0.8787,0.7167,0.8762,0.7369,0.76,0.7625,0.727,0.728,0.6731,0.8246,0.6176,9999
Formoterol,0.4105,0.344,0.3695,0.3017,0.3269,0.3048,0.3921,0.5207,0.483,0.3551,0.5173,0.3322,9999,9999,9999,9999,0.4075,0.4129,0.4009,0.4219,0.4025,0.4819,0.4183,0.306,0.5295,0.4012,0.3599,0.5829,0.3924,0.4056,0.3619,0.3782,0.3863,0.4678,0.3388,0.3336,0.4225,0.3608,0.3939,0.4502,0.6062,0.2587,0.2465,0.3827,0.3227,0.4274,0.3501,0.3465,0.3207,0.4202,0.3894,0.3553,0.6414,0.4645,0.3069,0.4159,0.3113,0.4269,0.3601,0.3496,0.3293,0.3225,0.396,0.229,0.4924,0.2906,0.4265,0.4152,0.3794,0.3667,0.4307,0.4211,0.3863,0.3851,0.3563,0.3358,0.3013,0.3667,0.3413,0.4632,0.3151,0.2955,0.3411,0.4629,0.3669,0.3807,0.3077,0.2637,0.361,0.2816,0.3777,0.2177,0.4025,0.3036,0.5068
Fosamprenavir,0.3114,0.2688,0.2901,0.225,0.2515,0.242,0.3077,0.4119,0.38,0.2781,0.4076,0.258,0.3207,0.3671,0.2961,0.3389,0.3217,0.3262,0.3175,0.3281,0.3245,0.3801,0.3287,0.2482,0.4222,0.3144,0.2812,0.4413,0.3135,0.3165,0.2819,0.2924,0.3079,0.3714,0.2712,0.2605,0.3284,0.2844,0.3122,0.3554,9999,0.1992,0.1968,0.3109,0.249,0.3323,0.2819,0.2757,0.2558,0.3355,0.3074,0.2778,0.5024,0.3657,0.2462,0.3285,0.2501,0.3327,0.2797,0.2764,0.2587,0.252,0.3226,0.1855,0.3943,0.2295,0.3392,0.3253,0.3014,0.2892,0.3426,0.3289,0.3031,0.3088,0.2828,0.2677,0.2467,0.2842,0.2695,0.3691,0.2481,0.241,0.2654,0.3667,0.2883,0.2942,0.2381,0.2007,0.2923,0.2107,0.3018,0.1673,0.3193,0.2273,0.392
Foscarnet,0.537,0.4039,0.44,0.4245,0.4339,0.3768,0.4913,9999,0.5483,0.42,0.5789,0.4497,0.5213,0.5382,0.4499,0.5177,0.4734,9999,0.4422,0.5047,0.4661,0.5494,0.4658,0.3987,0.6067,0.4579,0.4545,9999,9999,0.4626,0.4605,0.4118,0.4664,9999,0.4336,0.3554,9999,9999,0.4298,0.518,0.649,0.3102,0.3499,0.4525,0.4244,0.486,0.4088,0.4457,0.4115,0.4518,0.465,0.4264,0.741,0.4952,0.3925,0.4848,0.4113,0.4607,9999,0.3967,0.4395,0.4051,0.4925,0.2826,0.5354,0.4189,0.4851,0.4934,0.4722,0.4575,0.4894,0.4892,0.4844,0.4204,0.4317,0.4312,0.3885,0.4451,0.423,0.4993,0.4216,0.3772,0.4204,0.5473,0.4001,0.5012,0.3897,0.3693,0.4328,0.3648,9999,0.3003,0.4776,0.3351,0.6181
Ganciclovir,0.0656,9999,0.0361,0,0,0,0.0634,9999,0.1833,0.0183,0.2088,0,0.0736,0.142,0.0499,0.1091,0.0826,9999,0.0718,0.0653,0.0751,0.1564,0.085,0,0.2238,0.0591,0.0372,9999,9999,0.0732,0.0054,0.0397,0.0202,9999,0,0.01,0.0913,0.0357,0.0631,0.1245,0.3084,0,0,0.0646,0,0.0946,0,0.0047,0,0.0908,0.0569,0.0187,0.3286,0.1402,0,0.0642,0,0.085,0.0288,0.0306,0,0.007,0.014,0,0.1595,0,0.1091,0.0823,0.0476,0.0639,0.0944,0.0839,0.0442,0.0646,0.008,0.0003,0,0.0247,0,0.1243,0,0,0,0.1369,0.0197,0.0323,0,0,0.0403,9999,9999,0,0.0571,0,0.139
Gefitinib,0.6032,0.5111,0.5399,9999,0.5085,0.4825,0.5752,9999,0.6294,0.5209,0.6777,0.5319,0.5849,0.6254,0.5458,0.6171,0.5689,0.596,0.5543,0.5951,0.5815,0.6234,0.5887,0.5291,9999,0.5544,0.5445,0.6921,0.5689,0.5579,0.5349,0.5265,0.5566,0.6162,0.526,0.4821,0.5789,0.5324,0.5352,0.6297,0.7192,0.4254,0.4578,0.5468,0.5189,0.586,0.5525,0.55,0.5124,0.5699,0.5767,0.526,0.8163,0.5923,0.5072,0.5675,0.496,0.5819,0.5491,0.5175,0.5229,0.5069,0.5981,0.3991,0.6277,0.5095,0.5863,0.5989,0.56,0.5517,0.5926,0.586,0.5671,0.5299,0.537,0.5249,0.4975,0.5235,0.5526,0.6209,0.5115,0.4902,0.5238,0.6352,0.5254,0.5788,0.4786,0.463,0.5306,9999,0.525,0.4086,0.5796,0.4235,0.688
Gemcitabine,0.6024,0.4701,0.499,0.4915,0.5072,0.4427,0.5576,0.6946,0.5824,0.4803,0.6248,0.5295,9999,9999,9999,0.5748,0.5252,0.5589,0.4977,0.5548,0.524,0.5989,0.519,0.4788,9999,0.5158,0.5144,9999,0.508,0.5184,0.5359,0.4649,0.5341,0.5296,0.508,0.4091,0.5204,0.5004,0.4837,0.5752,9999,0.3619,0.4253,0.5131,0.4883,0.5379,0.477,0.5178,0.4794,9999,0.527,0.4888,9999,0.5373,0.4658,0.5459,0.4905,0.5097,0.5705,0.4462,0.5144,0.4666,0.5661,0.3495,9999,0.5033,0.5372,0.558,0.539,0.5172,0.5469,0.5394,0.5516,0.4723,0.4984,0.5057,0.4583,0.5058,0.4971,0.5456,0.4962,0.4577,0.4895,9999,0.4564,0.5716,0.4488,9999,0.4947,9999,0.4773,0.3747,0.5295,0.3892,9999
Genistin,0.5872,0.4581,0.4952,0.5264,0.5089,0.4451,0.5427,0.6515,0.5645,0.4781,0.5759,0.528,0.5691,0.5629,0.5058,0.5562,0.5156,0.5542,0.4688,0.5567,0.5042,9999,0.4943,0.5021,0.6105,0.4996,0.5153,9999,0.4916,0.4961,0.5291,0.4464,0.529,0.4789,0.5054,0.3978,0.5058,0.5017,0.4583,0.539,9999,0.3883,0.4579,0.4986,0.4994,0.5163,0.4808,0.5144,0.4933,0.4725,0.5125,0.4815,9999,0.5038,0.4637,0.5242,0.4899,0.4825,0.5696,0.4442,0.5173,0.4676,0.5643,0.36,0.5502,0.5146,0.5132,0.5287,0.5271,0.5169,0.5256,0.5319,0.5418,0.449,0.4902,0.502,0.4655,0.4966,0.4933,9999,0.501,0.468,0.4847,0.5824,0.4383,0.5663,0.4581,0.4644,0.4881,0.4342,0.4609,0.4004,0.5342,0.3786,0.6528
Glycyrrhizin,0.2082,0.1443,0.1706,0.0621,0.1197,0.1206,0.1963,0.3436,0.3222,0.1532,0.3441,0.1232,9999,9999,0.178,0.251,0.2176,9999,0.221,0.1985,0.2314,0.2939,0.2364,0.0824,9999,0.2004,0.1697,9999,0.2232,0.2139,0.148,0.1896,0.1747,0.2979,0.1425,0.1503,0.2287,0.1637,0.2155,0.2728,9999,0.0779,0.0356,0.206,0.1267,9999,0.1452,0.1648,0.1136,0.259,0.2021,0.1664,9999,0.2833,0.1251,0.2138,0.1098,0.2374,9999,0.1733,0.126,0.131,0.1815,0.0648,0.3055,0.0928,0.2487,0.2316,0.1918,0.1757,0.2404,0.2236,0.1891,0.2166,0.1606,0.1523,0.1226,0.1688,0.1484,0.2829,0.1149,9999,0.1358,9999,0.189,0.1762,0.1232,0.0549,0.1798,0.0884,0.1983,0.0173,0.209,0.1131,0.2924
Hexachlorophene,0.6259,0.5128,0.5477,9999,0.5341,0.4841,0.5983,0.7346,0.6273,0.5283,0.6733,0.5491,0.6212,0.6404,0.5545,0.6163,0.5819,0.6048,0.551,0.6214,0.574,0.6455,0.5701,0.5396,0.7069,0.5636,0.5498,0.7078,0.5532,0.5658,0.5614,0.5145,0.5828,0.5897,0.5422,0.4593,0.5832,0.5482,0.5321,0.6198,0.7304,0.4138,0.4695,0.562,0.5288,0.5843,0.5354,0.5495,0.5292,0.5547,0.5736,0.53,0.8298,0.596,0.4996,0.5941,0.5183,0.5729,0.5916,0.5047,0.5454,0.5093,0.629,0.3841,9999,0.522,0.5873,0.5945,0.5757,0.5611,0.5973,0.5923,0.5846,0.5259,0.5445,0.5315,0.4976,0.5436,0.5367,0.6125,0.5288,0.4997,0.5335,0.6508,9999,9999,0.489,0.4727,0.5394,0.4672,0.5265,0.4057,0.5905,0.424,0.7224
Homoharringtonine,9999,0.4461,0.4831,0.4571,0.4583,0.4189,0.5216,0.6552,0.5827,0.4692,0.622,9999,0.5384,9999,0.4933,0.5483,0.5191,0.5294,0.4931,0.5447,0.5084,9999,0.514,0.4426,0.6434,0.5025,0.478,9999,0.4971,0.5042,0.486,0.4687,0.5059,0.5499,0.4623,0.4163,0.5231,0.48,0.4826,0.5579,0.6982,0.361,0.3743,0.493,0.4545,0.5301,0.4632,0.4654,0.4514,0.5033,0.508,0.4666,0.7674,0.5546,0.4263,0.5181,0.4386,0.5196,0.4983,0.4527,0.4624,0.4438,0.5315,0.314,9999,0.4318,0.5301,0.5246,0.4979,0.4964,0.5409,0.5336,0.5121,0.4715,0.4763,0.4544,0.413,0.4795,0.4645,0.5587,0.447,0.4142,0.4623,0.5846,0.4583,0.5171,0.4201,0.3931,0.4729,0.3962,9999,0.3369,0.5266,0.3802,0.6469
Hydroxychloroquine,9999,0.3353,0.3596,0.3189,0.3334,9999,0.3898,0.5219,9999,0.3451,0.4923,0.3437,0.4083,0.4379,0.3648,0.4301,0.3924,0.4076,0.3865,0.4004,0.4032,0.4516,0.4066,0.3369,0.5058,0.3787,0.3643,0.5312,0.3853,0.3858,0.3564,0.3608,0.3727,0.4406,0.3463,0.314,0.4022,0.3508,0.3728,0.4424,9999,0.281,0.2832,0.3761,0.3484,0.4151,0.3577,0.3738,0.3298,0.4094,0.3898,0.3552,0.6107,0.4283,0.32,0.3963,0.317,0.406,0.3703,0.3477,0.3416,0.321,0.4026,0.2542,9999,0.3195,0.4118,0.413,0.384,0.3636,0.4115,0.4054,0.3879,0.3704,0.3596,0.3525,0.3232,0.3599,0.3568,0.4413,0.331,0.3028,0.3502,9999,0.3645,0.3913,0.3284,0.2949,0.3588,0.309,0.3643,0.2474,0.4018,0.2828,9999
Idoxuridine,0.6706,0.5382,0.5748,0.5961,0.5795,0.5044,0.633,0.7571,0.6553,0.5606,0.7013,0.587,0.6675,0.6669,0.5826,0.64,0.6082,0.6261,0.5734,0.6533,0.5894,0.6812,0.5864,0.5653,0.7358,0.5934,0.5757,0.7772,0.5632,0.5939,0.6064,0.5411,0.6142,9999,0.5715,0.4712,0.6081,0.5736,0.5552,0.6422,0.7728,0.4421,0.4959,0.5844,0.5702,0.6146,0.5477,0.5736,0.559,0.5682,0.5966,0.5603,0.8681,0.6275,0.5119,0.6277,0.5517,0.5959,0.6355,0.5218,0.5829,0.5292,0.6561,0.3936,0.6655,0.5513,0.6118,0.6182,0.606,0.5875,0.6254,0.6229,0.6244,0.5424,0.5769,0.5595,0.5084,0.5871,0.5524,0.6302,0.5628,0.516,0.5742,0.682,0.5326,0.6423,0.5283,0.5158,0.563,0.5018,0.5517,0.4392,0.6212,0.4596,0.7739
Imatinib,0.4518,0.3565,0.3934,9999,0.3621,0.3468,0.428,0.5866,0.5032,0.3731,0.5229,0.3829,0.4381,0.4673,0.3986,0.4827,0.4282,0.4563,0.41,0.4333,0.4532,0.4657,0.4448,0.394,9999,0.3983,0.4078,0.5147,0.4353,0.4059,0.3788,0.375,0.4021,0.4635,0.3888,0.3354,0.4303,0.3906,0.3846,0.4845,0.5482,0.3124,0.3358,0.4156,0.3929,0.4438,0.4075,0.4329,0.3724,0.4458,0.4345,0.3901,0.6595,0.4367,0.3751,0.4133,0.3476,0.4329,0.4088,0.3907,0.3836,0.36,0.4522,0.3021,9999,0.3846,0.4465,0.4566,0.4256,0.411,0.4432,0.4383,0.4249,0.3972,0.3938,0.4019,0.38,0.3748,0.421,0.471,0.3735,0.3497,0.3782,9999,0.3917,0.4349,0.3595,0.3284,0.3988,0.3419,0.3851,0.2769,0.4479,0.2709,0.5235
Indinavir,0.515,0.4096,0.4398,0.3847,0.4045,0.3786,0.4933,0.6694,0.5662,0.4155,0.6176,0.4274,0.5059,0.5361,0.4469,0.5431,0.4828,0.5051,0.4741,0.4885,0.5027,0.5549,0.5036,0.3953,0.6454,0.4597,0.4476,0.6285,0.49,0.4721,0.4254,0.432,0.4437,0.5402,0.4264,0.3774,0.4955,0.4309,0.4474,9999,9999,0.3249,0.3302,0.4682,0.4229,0.506,0.4371,0.4593,0.4049,0.4947,0.4864,9999,0.7784,0.5195,0.4064,0.4753,0.3864,0.4974,0.4592,0.428,0.422,0.3999,0.4946,0.2945,0.5477,0.4032,0.5114,0.5159,0.4758,0.4655,0.5065,0.4936,0.4753,0.4453,0.4419,0.4295,0.3913,0.4304,0.4414,0.542,0.4078,0.3611,0.4197,0.5499,0.4321,0.4857,0.3892,0.3464,0.4438,0.3758,0.437,0.2894,0.4838,0.3228,0.6032
Indomethacin,0.3444,0.291,0.3113,0.2412,0.2735,0.2611,0.3376,0.4552,0.4145,0.2969,0.4473,0.281,0.3489,0.3926,0.3182,0.372,0.3474,0.3523,0.3442,0.3471,0.3512,0.4127,0.3583,0.2576,0.462,0.3379,0.3034,9999,0.3438,0.3436,0.3024,0.3184,0.3255,0.404,0.2913,0.2802,0.3559,0.3043,0.337,0.3903,9999,0.2165,0.2011,0.334,0.2717,0.3645,0.3006,0.2996,0.2717,0.362,0.3358,0.3017,0.5562,0.3962,0.2679,0.3504,0.2661,0.3609,0.305,0.298,0.2798,0.2718,0.3416,0.1941,0.4247,0.2495,0.3675,0.3566,0.3271,0.3155,0.3707,0.3552,0.3289,0.3302,0.305,0.2902,0.2609,0.3068,0.292,0.3984,0.2682,0.2506,0.2866,9999,0.3125,0.3223,0.2583,0.2171,0.3128,0.2329,0.323,9999,0.3417,0.2456,0.4305
Inosine pranobex,0.6996,0.5928,0.6238,0.6311,0.6158,0.5688,0.6719,0.8197,0.7051,0.6106,0.7511,0.6315,0.6929,0.6936,0.6271,0.7052,0.6533,0.6784,0.637,0.6813,0.671,0.7049,0.6622,0.6653,0.7782,0.6353,0.6291,0.7749,0.637,0.6365,0.6362,0.6027,0.6522,0.6895,0.6272,0.5406,0.6561,0.6147,0.6108,0.7119,9999,0.5315,0.5782,0.6393,0.6399,0.6713,0.6464,0.6594,0.6166,0.6515,0.6637,0.6193,0.8981,0.6687,0.5873,0.6597,0.5958,0.6631,0.6517,0.6017,0.631,0.5785,0.7184,0.4918,0.6966,0.6171,0.6705,0.684,0.6598,0.6359,0.6794,0.6702,0.6709,0.6095,0.6424,0.6286,0.5911,0.6249,0.6458,0.7005,0.618,0.5841,0.6394,0.7175,0.6177,0.6861,0.5947,0.583,0.6233,0.5815,0.6109,0.5203,0.683,0.493,0.7923
Irbesartan,0.5828,0.4709,0.5078,0.4984,0.4939,0.4372,0.5582,0.6895,0.6001,0.4926,0.6478,0.4995,0.5818,0.6031,0.5165,0.5752,0.546,0.5546,0.5175,0.5757,0.5276,9999,0.5302,0.4679,0.6752,9999,0.5065,0.7039,0.5111,0.5318,0.5189,0.4846,0.5338,0.5628,0.4923,0.4234,0.549,0.5065,0.5005,0.583,0.7231,0.3754,0.4104,0.5194,0.4849,0.5535,0.4768,0.497,0.4823,0.5152,0.5309,0.4901,0.8045,0.5732,0.4475,0.5534,0.4683,0.5417,0.5447,0.4663,0.4957,0.4673,0.5692,0.3318,0.6092,0.4628,0.552,0.5534,0.5316,0.5257,0.5613,0.5567,0.5431,0.4895,0.5012,0.4844,0.436,0.5102,0.4851,0.5748,0.4788,0.4371,0.4898,0.6139,0.4743,0.553,0.451,0.4256,0.4952,0.4262,0.4911,0.3605,0.5513,0.4027,0.6861
Isolanid (lanatoside C),0.3712,0.3019,0.3288,0.2776,0.2994,9999,0.3588,0.4805,9999,0.3148,0.4591,0.3072,0.3743,9999,0.335,0.3934,0.3637,0.3716,0.3547,0.3669,0.3678,0.4229,0.3682,0.2896,0.4764,0.3468,0.3291,0.4906,0.3536,0.3544,0.3235,0.3246,0.343,0.4065,0.3147,0.2823,0.3681,0.3237,0.342,0.4062,0.5151,0.2373,0.2432,0.3503,0.3033,0.3776,0.3158,0.332,0.2984,0.3713,0.3537,0.3198,0.5741,0.3988,0.2883,0.3664,0.2877,0.3708,0.3367,9999,0.3063,0.2912,0.3691,0.2191,0.4243,0.2819,0.3809,0.3761,0.3509,0.338,0.3817,0.3711,0.3523,0.3412,0.3242,0.318,0.2877,0.3255,0.3182,0.4055,0.2951,0.2724,0.3085,0.4131,0.3253,0.3505,0.287,9999,0.3302,0.2612,0.3343,0.2066,0.3663,0.2514,0.4511
Itraconazole,0.4455,0.3539,0.384,0.3357,0.3556,0.3276,0.4217,0.5679,0.4998,0.364,0.5281,0.3711,0.433,9999,0.3938,0.4645,0.4205,0.4397,0.4032,0.4248,0.423,0.4831,0.4288,0.3314,0.5458,0.3983,0.3952,0.559,0.4193,0.4095,0.3763,0.3745,0.3917,0.4562,0.3684,0.3301,0.4268,0.3807,0.3894,0.4721,0.5866,0.2823,9999,0.3994,0.3591,0.438,0.3702,0.3924,0.3513,9999,9999,0.3719,9999,0.4479,0.3495,0.4134,0.3372,0.4223,0.405,0.3637,0.3626,0.3521,0.4197,0.2561,0.483,0.3447,0.4362,0.44,0.4092,0.4061,0.4366,9999,0.4106,0.3838,0.3722,0.3751,0.3405,0.3747,0.3791,0.458,0.3508,0.3187,9999,0.4795,0.3689,0.4171,0.3344,0.3032,0.3798,0.3146,0.3781,0.2538,0.4218,0.2918,0.5234
Ivermectin,9999,0.3639,0.3897,0.3363,0.3535,9999,0.4149,0.564,9999,0.3757,0.5315,0.3661,0.4294,0.4678,0.3939,0.4683,0.4232,0.4414,0.4226,9999,0.4489,0.4771,0.4509,0.383,0.543,0.4099,0.392,0.5584,0.4273,0.4142,0.3783,0.3968,0.4015,0.4926,0.3753,0.3527,0.4347,0.3781,0.4072,0.4839,9999,0.3167,0.3105,0.4094,0.3813,0.4509,0.4061,0.4106,0.3573,0.4587,0.4278,0.3886,0.6511,0.4643,0.3544,0.4208,0.3407,0.4473,0.3818,0.3908,0.3675,0.3476,0.4367,0.2913,0.4846,0.35,0.4504,0.4499,0.413,0.3905,0.4498,0.4389,0.4177,0.4095,0.3959,0.3841,0.359,0.3846,0.4017,0.4884,0.3579,0.3356,0.385,0.4733,0.4084,0.4184,0.3562,9999,0.3936,0.3393,0.3994,0.2747,0.4396,9999,9999
Kasugamycin,0.4729,0.3806,0.4183,0.3751,0.3893,0.359,0.4542,0.5967,0.538,0.4053,0.5671,0.3909,0.4738,0.5083,0.4256,0.494,0.4599,0.4669,0.4432,0.4682,0.4623,0.5226,0.4609,0.3867,0.5862,0.4381,0.4174,0.6139,9999,0.4442,0.4149,0.4127,0.4383,0.5078,0.4002,0.3593,0.463,0.4143,0.4302,0.5051,0.636,0.3159,0.3205,0.4399,0.3986,0.478,0.403,0.4212,0.3846,0.4683,0.4481,0.4101,9999,0.4995,0.3648,0.4583,0.3685,0.469,0.4267,0.4035,0.3949,0.3739,0.4694,0.2823,0.5255,0.3672,0.4774,0.4715,0.4419,0.4282,0.4812,0.4712,0.4497,0.4295,0.4165,0.4047,0.3642,0.4187,0.4117,0.5083,0.3815,0.3498,0.4027,0.5158,0.4169,0.4485,0.3736,0.3309,0.4171,0.3423,0.4211,0.2779,0.4729,0.3213,9999
Labyrinthopeptin A1,0.4137,0.3316,0.3663,0.3265,0.3363,9999,0.4008,9999,9999,0.3522,0.5048,0.3449,0.4155,0.4435,0.3721,0.445,0.4038,0.4149,0.3924,0.4072,0.4185,0.4542,0.4118,0.3492,9999,0.3776,0.3707,9999,0.3963,0.3858,0.3541,0.3577,0.3761,0.4489,0.3549,0.3102,0.4077,0.3599,0.3711,0.4546,0.5506,0.2861,0.2938,0.3913,0.3602,0.419,0.3639,0.386,0.3425,0.4181,0.4006,0.361,0.6314,0.4327,0.3299,0.3967,0.3201,0.4127,9999,0.3624,0.3491,0.3267,0.4198,0.2606,0.4508,0.3305,0.4249,0.4207,0.3939,0.3819,0.4223,0.4123,0.396,0.3786,0.3705,0.3619,0.3322,0.3611,0.3708,0.4512,0.3382,0.3074,0.3551,0.4555,0.3692,0.3976,0.3355,0.2954,0.3723,0.312,0.37,0.2483,9999,0.2653,9999
Labyrinthopeptin A2,0.4102,0.3052,0.344,0.2829,0.3069,9999,0.3836,9999,9999,0.3213,0.5111,0.3216,0.3959,0.4472,0.3571,0.4363,0.3871,0.4071,0.3656,0.3897,0.3882,0.4573,0.3949,0.2656,9999,0.3598,0.3593,9999,9999,0.3731,0.3283,0.3354,0.3454,0.4247,0.3206,0.2888,0.3954,0.342,0.353,0.4417,0.588,0.2332,0.2304,0.3622,0.3133,0.4065,0.3164,0.347,0.3028,0.3897,0.3776,0.3295,0.6612,0.4223,0.3034,0.3726,0.2854,0.3863,9999,0.3276,0.3141,0.3124,0.3695,0.2019,0.4601,0.2932,0.4069,0.404,0.3688,0.3724,0.4019,0.3995,0.3701,0.3487,0.3264,0.3282,0.291,0.334,0.3318,0.4298,0.3009,0.2597,0.3017,0.4524,0.3256,0.3753,0.2893,0.2441,0.3411,0.2647,0.3403,0.1926,9999,0.2476,9999
Lamivudine,0,0,0,0,0,0,0,0,0,0,0,0,0,0,0,0,0,0,0,0,0,9999,0,9999,0,0,0,0,0,0,0,0,0,0,0,0,0,0,0,0,9999,9999,0,0,0,0,0,0,0,0,0,0,0,0,0,0,0,0,0,0,0,0,0,0,0,0,0,0,0,0,0,0,0,0,0,0,0,0,0,0,0,0,0,0,0,0,0,0,0,0,0,0,0,0,0
Leflunomide,0,0,0,9999,0,0,0,9999,0.0251,0,0.0476,0,0,0,0,0,0,9999,0,0,0,0.0064,0,0,0.0534,0,0,9999,0,0,0,0,0,0,0,0,0,0,0,0,0.1185,0,0,0,0,0,0,0,0,0,0,0,0.1387,0,0,0,0,9999,0,0,0,0,0,0,0.0002,0,0,0,0,0,0,0,0,0,0,0,0,0,0,0,0,9999,0,0,0,0,0,0,0,0,0,0,0,0,0
Letermovir,0,9999,0,0,0,0,0,9999,0.1149,0,0.1272,0,0,0.0674,0,0.0466,0.0065,9999,0.013,0,0.0281,0.0634,0.0475,0,0.1229,0,0,9999,9999,0.0073,0,0,0,0.0773,0,0,0.0228,9999,0.012,0.0641,0.188,0,0,0,0,0.0271,0,0,0,0.05,0.003,0,0.2045,0.0558,0,0,0,0.0202,0,0,0,0,0,0,0.0855,0,0.0398,0.0282,0,0,0.0203,0.0127,0,0.016,0,0,0,0,0,0.0659,0,0,0,0.0518,0,0,0,0,0,0,9999,0,0,0,0.0192
Lobucavir,0,0,0,0,0,0,0,9999,0.0543,0,0.0685,0,0,0.0045,0,0,0,0,0,0,0,9999,0,0,0.0686,0,0,9999,0,0,0,0,0,0.0286,0,0,0,0,0,0.0158,9999,0,0,0,0,0,0,0,0,0.0064,0,0,0.1452,0.0084,0,0,0,0,0,0,0,0,0,0,0.0229,0,0,0,0,0,0,0,0,0,0,0,0,0,0,0.0096,0,0,0,0,0,0,0,0,0,0,0,0,0,0,0
Lopinavir,9999,0,0,0,0,0,0,0,0,0,0,0,0,0,0,0,0,0,0,0,0,0,0,0,0,0,0,0,0,0,0,0,0,0,0,0,0,0,0,9999,9999,9999,9999,0,0,0,0,0,0,0,0,0,0,0,0,0,0,0,0,0,0,0,0,0,9999,0,0,0,0,0,0,0,0,0,0,0,0,0,0,0,0,0,0,0,0,0,0,0,0,0,0,0,0,0,9999
Lovastatin,0,0,0,0,0,0,0,0.0433,9999,0,9999,0,0,0,0,0,0,0,0,0,0,0,0,0,0.0434,0,0,0.048,0,0,0,0,0,0.005,0,0,0,0,0,0,0.0998,0,0,0,9999,0,0,0,0,0,0,0,0.1253,0,0,0,0,0,0,0,0,0,0,0,0,0,0,0,0,0,0,0,0,0,0,0,9999,0,0,0,0,0,0,0,0,0,0,0,0,0,0,0,0,0,9999
Luteolin,0,0,0,0,0,9999,0,0,9999,0,0,0,9999,9999,0,0,0,9999,0,0,0,9999,0,0,0,0,0,0,0,0,0,0,0,0,0,0,0,0,0,0,9999,0,0,0,0,0,0,0,0,0,0,0,9999,0,0,9999,0,0,0,0,0,0,0,0,0,0,0,0,0,0,0,0,0,0,0,0,0,0,0,0,0,0,0,9999,0,0,0,0,9999,0,0,0,0,0,0
Manidipine,0,0,0,0,0,0,0,9999,9999,0,0,0,0,0,0,0,0,0,0,0,0,0,0,0,0,0,0,0,0,0,0,0,0,0,0,0,0,0,0,0,0,0,0,0,0,0,0,0,0,0,0,0,0.0049,0,0,9999,0,0,0,0,0,0,0,0,0,0,0,0,0,0,0,0,0,0,0,0,0,0,0,0,0,0,0,0,0,0,0,0,0,0,0,0,9999,0,9999
Maraviroc,0,0,0,0,0,0,0,0.0431,0.0561,0,0.0752,0,0,0.0025,0,0,0,0,0.0117,0,0.0086,0.0281,0.0263,0,0.0589,0,0,0.0601,0.0166,0,0,0,0,0.098,0,0,0,0,0.0177,0.031,9999,0,0,0,0,0.0059,0,0,0,0.0574,0,0,0.1133,0.0459,0,0,0,0.017,0,0,0,0,0,0,0.0546,0,0.0094,0,0,0,0,0,0,0.0226,0,0,0,0,0,0.051,0,0,0,0,0,0,0,0,0,0,0,0,0,0,0
Mefloquine,9999,0,0,0,0,0,0,0.0894,0.0808,0,0.0948,0,0,0.0323,0,0.0109,0,0,0,0,0.0027,0.0531,0.017,0,0.0932,0,0,0.1198,0.0096,0,0,0,0,0.0613,0,0,0,0,0,0.0371,0.1615,0,0,0,0,0.0084,0,0,0,0.0365,0,0,0.1812,0.0397,0,0,9999,0.0003,0,0,0,0,0,0,9999,0,0.0123,0.0088,0,0,0,0,0,0,0,0,0,0,0,0.0385,0,0,0,9999,0,0,0,0,0,0,0,0,0,0,9999
Memantine,0,0,0,0,0,0,0,0,0,0,0,0,0,0,0,0,0,0,0,0,0,0,0,0,0,0,0,0,0,0,9999,0,0,0,0,0,0,0,0,0,9999,0,0,0,0,0,0,0,0,0,0,0,9999,0,0,0,0,0,0,0,0,0,0,0,0,0,0,0,0,0,0,0,0,0,0,0,0,0,0,0,0,0,0,0,0,0,0,0,0,0,0,0,0,0,9999
Metformin,0,0,0,0,0,0,0,0,9999,0,0,0,0,9999,0,0,0,0,0,0,0,9999,0,0,0,0,0,0,0,0,0,0,0,0,0,0,0,0,0,0,0.0425,0,0,0,0,0,0,0,0,0,0,0,9999,0,0,0,0,0,9999,0,0,0,0,0,0,0,0,0,0,0,0,0,0,0,0,0,0,0,0,0,0,0,0,0,0,0,0,0,0,0,0,0,0,0,0
Minocycline,0.1409,0.0878,0.1063,0.0105,0.0633,0.0675,0.1233,0.2461,9999,0.0887,0.2369,0.0817,0.1335,0.1821,0.1111,0.1705,0.1358,0.152,0.1402,0.1247,0.1555,0.1926,0.1626,0.0342,9999,0.1293,0.1107,0.2545,0.1547,0.1367,0.0917,0.1158,0.1064,0.1945,0.0896,0.0953,0.1453,0.1006,0.1325,0.1873,9999,0.0224,0.0043,0.1299,0.0659,0.1575,0.0921,0.11,0.0592,0.1695,0.1334,0.1032,0.3286,0.1785,0.0856,0.1354,0.0627,0.1495,0.102,0.1039,0.0755,0.0795,0.107,0.0366,0.1946,0.0646,0.1634,0.1601,0.1238,0.1078,0.1551,0.1421,0.1206,0.1361,0.0941,0.0977,0.0795,0.0944,0.1002,9999,0.0656,0.0528,0.0718,0.1765,0.1127,0.1159,0.0592,0.0139,0.1137,0.0416,0.1211,0,9999,0.0576,0.1914
Mitoxantrone,0,0,0,0,0,0,0,0,9999,0,0,0,0,0,0,0,0,0,0,0,0,0,0,0,9999,0,0,9999,0,0,0,0,0,0,0,0,0,0,0,0,0,0,0,0,0,0,0,0,0,0,0,0,0,0,0,0,0,0,9999,0,0,0,0,0,0,0,0,0,0,0,0,0,0,0,0,0,0,0,0,0,9999,0,0,0,0,0,0,9999,0,0,0,0,0,9999,9999
Monensin,0,0,0,0,0,0,0,9999,0,0,0,0,0,0,0,0,0,0,0,0,0,0,0,0,0,0,0,9999,0,0,9999,0,9999,0,0,0,0,0,0,0,0,0,9999,0,0,0,0,0,0,0,0,0,9999,0,0,0,0,0,0,0,0,0,0,0,0,9999,0,0,0,0,0,0,0,0,0,0,9999,0,0,9999,0,0,0,0,0,0,0,0,0,0,0,9999,0,0,0
Mycophenolic acid,0,0,0,9999,0,9999,0,0,9999,0,0,0,0,0,0,0,0,0,0,0,0,0,0,0,9999,0,0,0,0,0,9999,0,9999,0,0,0,0,0,0,0,0,0,0,0,0,0,0,0,0,0,0,0,9999,0,0,0,0,9999,0,0,9999,9999,0,0,0,0,9999,0,0,0,9999,0,0,0,0,0,9999,0,0,0,9999,9999,0,0,0,0,0,0,0,0,0,0,0,0,9999
Nafamostat,0,0,0,0,0,0,0,0,0,0,9999,0,0,0,0,0,0,0,0,0,0,0,0,0,0,0,0,0,0,0,0,0,0,0,0,0,0,0,0,0,0,0,0,0,0,0,0,0,0,0,0,0,9999,9999,0,0,0,0,0,0,0,0,0,0,9999,0,0,0,0,0,0,0,0,0,0,0,0,0,0,0,0,0,0,0,0,0,0,0,0,0,0,0,0,0,0
Nelfinavir,0,0,0,0,0,9999,0,0,9999,0,0,0,0,0,0,0,0,0,0,0,0,0,0,0,9999,0,0,9999,0,0,0,0,0,0,0,0,0,0,0,9999,9999,0,0,0,0,0,0,0,0,0,0,0,0,0,0,0,0,0,0,0,0,0,0,0,0,0,0,0,0,0,0,0,0,0,0,0,0,0,0,0,0,0,0,9999,0,0,0,0,0,0,0,0,0,0,0
Nevirapine,0.0658,0,0.0113,0,0,0,0.0365,0.1742,0.1436,0,0.1632,0,0.0535,0.1163,0.0195,0.0806,0.0471,0.069,0.0407,0.0388,0.0522,0.1286,0.0612,0,0.1748,0.0388,0.0247,0.2007,0.0616,0.0516,0.0017,0.0088,0.0153,0.0889,0,0,0.0538,0.0147,0.0403,0.095,9999,0,0,0.0395,0,0.0608,0,0,0,0.0654,0.0301,0,0.2775,0.092,0,0.0557,0,0.0435,0.0362,0,0,0,0,0,0.1223,0,0.0723,0.0693,0.0322,0.0191,0.0588,0.0495,0.0248,0.0415,0,0,0,0,0,0.0848,0,0,0,0.1012,0,0.0206,0,0,0.0156,0,0.0223,0,0.0117,0,0.1121
Niclosamide,0,0,0,0,0,9999,0,0,9999,0,9999,0,0,0,0,0,0,9999,0,0,0,0,0,0,0,0,0,9999,9999,0,0,0,0,0,0,0,0,0,0,0,0,0,0,0,0,0,0,0,0,0,0,0,0,0,0,9999,0,0,0,0,9999,0,0,0,0,0,0,0,0,0,0,0,0,0,9999,0,0,0,0,0,0,0,0,9999,0,0,0,9999,0,9999,0,9999,0,0,9999
Nitazoxanide,0,9999,0,0,0,9999,0,0,0,0,0,0,0,0,0,0,0,0,0,0,0,9999,0,0,9999,0,0,0,0,0,0,0,0,0,0,0,0,0,0,0,9999,0,9999,0,0,0,0,0,0,9999,0,0,9999,0,0,9999,0,0,0,0,0,0,0,9999,9999,0,0,0,0,0,9999,0,0,0,0,0,9999,0,0,0,0,9999,0,0,0,0,0,0,0,9999,0,0,0,0,9999
N-MCT,0,0,0,0,0,0,0,0,0,0,0,0,0,0,0,0,0,9999,0,0,0,0,0,0,0,0,0,9999,9999,0,0,0,0,0,0,0,0,0,0,0,0,0,0,0,0,0,0,0,0,0,0,0,0,0,0,0,0,0,9999,0,0,0,0,0,0,0,0,0,0,0,0,0,0,0,0,0,0,0,0,0,0,0,0,0,0,0,0,0,0,0,9999,0,0,0,0
Novobiocin,0,0,0,0,0,0,0,0.0488,0.0329,0,0.0466,0,0,0,0,0,0,9999,0,0,0,0.0097,0,0,0.0528,0,0,9999,0,0,0,0,0,0,0,0,0,0,0,0,0.1091,0,0,0,0,0,0,0,0,0,0,0,0.1379,0,0,9999,0,0,9999,0,0,0,0,0,0,0,0,0,0,0,0,0,0,0,0,0,0,0,0,0,0,0,0,0,0,0,0,0,0,9999,0,0,0,0,9999
Obatoclax,0,0,0,0,0,0,0,0,0,0,0,0,0,9999,0,0,0,0,0,0,0,0,0,0,0,0,0,0,9999,0,0,0,0,0,0,0,0,0,0,0,0,0,9999,0,0,0,0,0,0,0,0,0,9999,0,0,0,0,9999,0,0,9999,9999,0,0,0,0,0,0,0,0,0,0,0,0,0,0,0,0,0,9999,0,0,0,0,0,0,0,9999,0,0,0,0,9999,9999,9999
Oritavancin,0,0,0,0,0,0,0,0,0,0,9999,0,0,0,0,0,0,0,0,0,0,0,0,0,9999,0,0,0,0,0,0,0,0,0,0,0,0,0,0,0,0,0,9999,0,0,0,0,0,0,0,0,0,0,0,0,0,0,0,0,0,0,0,0,0,9999,0,0,0,0,0,0,0,0,0,0,0,0,0,0,9999,0,0,0,9999,0,0,0,0,0,0,0,0,0,0,0
Oseltamivir,0,0,0,0,0,0,0,0.056,0.0471,0,0.0611,0,0,0.0008,0,0,0,0,0,0,0,0.0215,0,0,0.0587,0,0,0.0724,0,0,0,0,0,0.0268,0,0,0,0,0,0.007,0.1173,0,0,0,0,0,0,0,0,0,0,0,9999,9999,0,0,0,0,0,0,0,0,0,0,0.0251,0,0,0,0,0,0,0,0,0,0,0,0,0,0,0.0005,0,0,0,0,0,0,0,0,0,0,0,0,0,0,0
Palivizumab,0,0,0,0,0,0,0,0,0,0,0,0,0,0,0,0,0,0,0,0,0,0,0,0,0,0,0,0,0,0,0,0,0,0,0,0,0,0,0,0,0,0,0,0,0,0,0,0,9999,0,0,0,0,0,0,0,0,0,0,0,0,0,0,0,0,0,0,0,0,0,0,0,0,0,0,0,0,0,0,0,0,0,0,0,0,0,0,0,0,0,0,0,0,0,0
Penciclovir,0,0,0,0,0,0,0,0,0,0,0,0,0,0,0,0,0,0,0,0,0,0,0,0,0,0,0,0,0,0,0,0,0,9999,0,0,0,0,0,0,0.0333,0,0,0,0,0,0,0,0,0,0,0,0.0445,0,0,0,0,0,0,0,0,0,0,0,0,0,0,0,0,0,0,0,0,0,0,0,0,0,0,0,0,0,0,0,0,0,0,0,0,0,0,0,0,0,0
Pentosan polysulfate,0,0,0,0,0,0,0,0,0,0,0,0,9999,9999,0,0,0,0,0,0,0,0,0,0,0,0,0,0,0,0,0,0,0,0,0,0,0,0,9999,0,9999,0,0,0,0,0,0,0,0,0,0,0,9999,0,0,0,0,0,0,0,0,0,0,0,0,0,0,0,0,0,0,0,0,0,0,0,0,0,0,0,9999,0,0,0,0,0,0,0,0,0,0,0,0,0,0
Phosphonoacetic Acid,0.166,0.0613,0.093,0.0194,0.0628,0.0327,0.1281,0.2562,0.2159,0.0682,0.2352,0.0856,0.15,0.1956,0.1045,0.1631,0.1266,0.1507,0.1055,0.1337,0.118,0.2014,0.1299,0,0.2546,0.1134,0.109,0.2927,0.128,0.1243,0.0908,0.0779,0.0911,0.1375,0.0731,0.0483,0.1346,9999,0.0954,0.1682,0.317,0,0,0.108,0.0439,0.1375,0.0331,0.0815,0.0415,0.1178,0.1108,0.0783,0.3671,0.1568,0.0586,0.1275,0.048,0.1141,0.1348,0.0617,0.069,0.0701,0.0817,0,0.1824,0.0551,0.1435,0.1435,0.1148,0.112,0.1328,0.134,0.1153,0.0926,0.0617,0.0748,0.042,0.0832,0.0589,0.1466,0.052,0.0148,0.0358,0.188,0.0528,0.1241,0.0309,0,0.0888,0.009,0.0851,0,0.1001,0.0345,0.2151
Pirlindole,0,0,0,0,0,0,0,0,0,0,0,0,9999,9999,9999,9999,0,0,0,0,0,0,0,0,0,0,0,0.0139,0,0,0,0,0,0,0,0,0,0,0,0,0.0701,0,0,0,0,0,0,0,0,0,0,0,0.0771,0,0,0,0,0,0,0,0,0,0,0,0,0,0,0,0,0,0,0,0,0,0,0,0,0,0,0,0,0,0,0,0,0,0,0,0,0,0,0,0,0,0
Pleconaril,0.1356,0.1079,0.1191,0.0033,0.0651,0.0817,0.134,0.2576,0.2219,0.0992,0.2524,0.0864,0.135,0.1928,0.1231,9999,9999,0.1623,0.163,0.1311,0.1709,0.2088,0.1796,0.0413,0.2581,0.1423,0.1215,0.2402,0.1744,0.1544,0.0941,0.1323,0.1176,0.2193,0.1009,0.1177,0.1615,0.1127,0.1555,0.2036,0.2955,0.0311,0.0177,0.1473,0.0627,0.1683,0.1123,0.1202,0.0733,9999,9999,0.1106,0.3305,0.194,0.1049,0.1511,0.0743,0.1676,0.1034,0.1168,0.0782,0.0961,0.125,0.054,0.2202,0.0639,0.1772,0.1737,0.1358,0.1237,0.1681,0.1511,0.1223,0.1571,0.1027,0.1081,0.098,9999,9999,0.2052,0.0718,0.0714,0.0744,0.1879,0.1282,0.112,0.0629,0.0158,0.1274,0.0473,0.1386,0,0.1304,0.0748,0.1867
Posaconazole,0,0,0,0,0,0,0,0,9999,0,9999,0,0,0,0,0,0,0,0,0,0,0,0,0,0,0,0,0,0,0,0,0,0,0,0,0,0,0,0,0,0,0,0,0,0,0,0,0,0,0,0,0,0,0,0,0,0,0,0,0,0,0,0,0,0,0,0,0,0,0,0,9999,0,0,0,0,0,0,0,0,0,0,0,0,0,0,0,0,0,0,0,0,0,0,9999
Promethazine,0,0,0,0,0,0,0,0.0438,0.0469,0,0.0587,0,0,0,0,0,0,9999,0,0,0,0,0,0,0.045,0,0,0.0638,0,0,0,0,0,0.0453,0,0,0,0,0,0.009,0.1079,0,0,0,0,0,0,0,0,0.0166,0,0,0.1203,0.0034,0,0,0,0,0,0,0,0,0,0,9999,0,0,0,0,0,0,0,0,0,0,0,0,0,0,0.0118,0,0,0,9999,0,0,0,0,0,0,0,0,0,0,0
Quinacrine,0,0,0,0,0,0,0,0.109,9999,0,9999,0,9999,0.0485,0,0.0293,0,0.0127,0,0,0.0095,0.0611,0.0201,0,0.1102,0,0,0.1167,0.0208,0,0,0,0,0.0479,0,0,0.0032,0,0,0.0458,0.1645,0,0,0,0,0.0124,0,0,0,0.0269,0,0,0.1965,0.0364,0,0,0,0,0,0,0,0,0,0,0.0587,0,0.0217,0.0197,0,0,0.0041,0,0,0,0,0,0,0,0,0.0372,0,0,0,0.035,0,0,0,0,0,0,0,0,0,0,9999
Quinine,0.1991,0.1127,0.1381,0.0545,0.1007,0.0827,0.1741,0.3081,9999,0.1135,0.2876,0.1262,0.1913,0.2368,0.147,0.2118,0.172,0.1957,0.1634,0.1767,0.1761,0.2486,0.1842,0.0356,0.3073,0.1626,0.1502,9999,0.1791,0.1726,0.1312,0.1294,0.1392,0.2024,0.1217,0.1002,0.1825,0.1367,0.152,0.2222,0.3587,0.0144,0.0216,0.1613,0.0886,0.1846,0.097,0.1324,0.0917,0.1751,0.1629,0.1236,9999,0.2091,0.1093,0.177,0.0969,0.1688,0.1658,0.1133,0.1123,0.114,0.1456,0.0243,0.2408,0.0962,0.1959,0.1936,0.1625,0.155,0.1841,0.177,0.1582,0.1489,0.1165,0.1199,0.0943,0.1281,0.1111,0.2104,0.0976,0.0679,0.0881,0.2325,0.1097,0.1625,0.0758,0.0308,0.1411,0.058,0.1392,0,0.1472,0.0752,0.2514
Raloxifene,0,0,0,0,0,0,0,0,9999,0,9999,0,0,0,0,0,0,0,0,0,0,0,0,0,0,0,0,9999,0,0,0,0,0,0,0,0,0,0,0,0,9999,0,0,0,0,0,0,0,0,0,0,0,0,0,0,0,0,0,0,0,0,0,0,0,0,0,0,0,0,0,0,0,0,0,9999,0,0,0,0,0,0,0,0,0,0,0,0,9999,0,9999,0,9999,0,9999,0
Raltegravir,0,0,0,0,0,0,0,0.0334,0.0261,0,0.035,0,0,0,0,0,0,0,0,0,0,0,0,0,0.0323,0,0,0.0564,0,0,0,0,0,0,0,0,0,0,0,0,9999,0,0,0,0,0,0,0,0,0,0,0,0.119,0,0,0,0,0,0,0,0,0,0,0,0,0,0,0,0,0,0,0,0,0,0,0,0,0,0,0,0,0,0,0,0,0,0,0,0,0,0,0,0,0,0
Rapamycin (Sirolimus),0,0,0,9999,0,0,0,9999,0,0,0,0,0,9999,0,0,0,0,0,0,0,9999,0,0,9999,9999,0,0,0,0,0,0,0,0,0,0,0,0,0,0,9999,0,0,0,0,0,0,0,0,0,0,0,9999,0,0,0,0,0,9999,0,0,0,0,0,9999,0,0,0,0,0,0,0,0,0,0,0,0,0,0,9999,0,9999,0,0,0,0,0,0,0,0,0,0,0,0,0
Regorafenib,0,0,0,0,0,0,0,0,0,0,0,0,0,0,0,0,0,0,9999,0,0,0,0,0,0,0,0,9999,0,0,0,0,0,0,0,0,0,0,0,0,0,0,0,0,0,0,0,0,0,0,0,0,9999,0,0,0,0,0,0,0,0,0,0,0,0,0,0,0,0,0,0,0,0,0,0,0,0,0,0,0,0,0,0,0,9999,0,0,0,0,0,0,9999,0,0,0
Remdesivir,9999,0.0587,0.0772,0,0.0465,0.0379,0.1153,0.256,9999,0.0504,9999,0.07,0.1327,0.1645,0.0843,0.1637,0.1144,0.1421,0.1119,0.0994,0.1344,0.1881,0.1334,0,9999,0.0986,9999,0.2471,0.134,0.1145,9999,9999,0.0782,0.1531,0.0709,0.0445,0.1225,0.0752,0.1009,0.1717,0.283,0,9999,0.1132,0.0484,0.136,0.0513,0.0991,0.0328,0.1413,0.1095,0.0756,0.3451,0.1492,0.0621,0.1168,0.0413,9999,0.1156,0.0668,9999,0.052,9999,0.0021,9999,0.0493,0.1421,0.143,0.1148,9999,0.1266,0.1178,0.1054,0.1042,0.0646,0.0822,9999,0.0731,0.0616,0.1551,0.0486,0.0154,0.0394,9999,0.071,0.1097,0.0424,0,9999,0.0169,0.0905,0,0.0967,0.0172,0.1882
Ribavirin,9999,0,0,0,0,9999,0,0,0,9999,0,0,0,0,0,0,0,0,0,0,0,0,0,0,9999,0,9999,0,0,9999,0,0,0,0,0,0,0,0,0,0,0,0,0,0,0,9999,0,9999,0,0,0,0,9999,9999,0,0,0,0,0,0,9999,9999,0,9999,0,0,0,0,0,0,0,0,0,0,9999,0,9999,0,0,0,0,9999,0,0,0,0,0,0,0,0,0,0,0,0,0
Rilpivirine,0.0421,0.0031,0.0132,0,0,0,0.0222,0.147,0.1543,0,0.1544,0,0.0369,0.0957,0.0157,0.0767,0.0524,0.0591,0.0674,0.0219,0.0724,0.1205,0.081,0,0.1519,0.0464,0.0157,0.1858,0.0693,0.0604,0,0.0446,0.0212,0.1357,0,0.0229,0.064,0.0081,0.072,0.0997,9999,0,0,0.0473,0,0.0856,0,0.0164,0,0.1153,0.0373,0.018,0.2394,0.1143,0,0.0598,0,0.0762,0.0035,0.0196,0,0,0.0052,0,0.1307,0,0.0801,0.0722,0.0323,0,0.0703,0.0555,0.0238,0.0758,0,0.0087,0,0.0118,0,0.1133,0,0,0,0.076,0.0483,0.0074,0,0,0.0232,0,0.0502,0,0.038,0,0.0994
Rimantadine,0,0,0,0,0,0,0,0,0.005,0,0.0055,0,0,0,0,0,0,0,0,0,0,0,0,0,0,0,0,0.0251,0,0,0,0,0,0,0,0,0,0,0,0,0.0677,0,0,0,0,0,0,0,0,0,0,0,9999,0,0,0,0,0,0,0,0,0,0,0,0,0,0,0,0,0,0,0,0,0,0,0,0,0,0,0,0,0,0,0,0,0,0,0,0,0,0,0,0,0,0
Ritonavir,0.0352,0,0,0,0,0,0.0136,0.1565,0.1346,0,0.1499,0,0.0274,0.084,0,0.0678,0.026,0.0459,0.0271,0.0026,0.0443,0.1047,0.0496,0,0.1628,0.0158,0,0.178,0.0511,0.0288,0,0,0,0.084,0,0,0.0339,0,0.0235,9999,9999,9999,0,0.0236,0,0.0486,0,0,0,0.062,0.0143,0,0.264,0.0781,0,0.0248,0,0.0308,0,0,0,0,0,0,9999,0,0.0598,0.0516,0.0124,0,0.0431,0.0281,0.0036,0.0277,0,0,0,0,0,9999,0,0,0,0.0743,0,0,0,0,0.0002,0,0.0067,0,0,0,0.0847
Roscovitine (Seliciclib),0,0,0,0,0,0,0,0.0831,0.0739,0,0.0929,0,0,0.0161,0,0.0133,0,9999,0.0091,0,0.016,0.0422,0.0253,0,0.0882,0,0,9999,0.022,0,0,0,0,0.0802,0,0,0,0,0.0068,0.0437,9999,0,0,0,0,0.0094,0,0,0,0.05,0,0,0.1555,0.0394,0,0,9999,0.0092,0,0,0,0,0,0,0.0559,0,0.0168,0.0114,0,0,0,0,0,0.0142,0,0,0,0,0,0.0484,0,0,0,0.0028,0,0,0,0,0,0,9999,0,0,0,0
Salinomycin,0.1977,0.1927,0.2,0.0937,0.1429,0.1677,0.2043,9999,0.2838,0.1829,0.3129,0.1671,0.1985,0.2585,0.2038,0.2539,0.2245,0.2375,0.239,0.2076,0.251,0.2709,0.2589,0.1511,0.317,0.219,0.1994,0.287,0.2545,0.2264,0.1708,0.2134,0.1981,0.2977,0.1832,0.2041,0.2351,0.1901,0.2331,0.2763,0.3385,0.1286,0.1195,0.2231,0.1473,0.2403,0.2187,0.2038,0.1645,0.2618,0.2261,0.1894,9999,0.2631,0.1914,0.222,0.1589,0.2459,0.167,0.2025,0.1586,0.1767,0.2136,0.1449,0.2942,0.1479,0.2502,0.2462,0.2106,0.2027,0.2463,0.2284,0.1971,0.233,0.1884,0.1899,9999,0.1745,0.203,0.2818,0.1556,0.1681,0.1617,0.2595,0.2133,0.1855,0.1456,0.1106,0.2086,0.1348,0.2186,0.0978,0.2134,0.1503,0.2477
Saquinavir,0,0,0,0,0,0,0,0,0,0,0,0,0,0,0,0,0,0,0,0,0,0,0,0,0,0,0,0.014,0,0,0,0,0,0,0,0,0,0,0,9999,9999,0,0,0,0,0,0,0,0,0,0,0,0.0641,0,0,0,0,0,0,0,0,0,0,0,0,0,0,0,0,0,0,0,0,0,0,0,0,0,0,0,0,0,0,0,0,0,0,0,0,0,0,0,0,0,0
Saracatinib,0,0,0,0,0,0,0,9999,9999,0,0.0747,0,0,0.0271,0,0,0,0,0,0,0,0.0389,0,0,0.0825,0,0,0.1047,0,0,0,0,0,0.0058,0,0,0,0,0,0.0113,0.1465,0,0,0,0,0,0,0,0,0,0,0,0.1717,0.0085,0,0,0,0,0,0,0,0,0,0,9999,0,0,0,0,0,0,0,0,0,0,0,0,0,0,0,0,0,0,0.012,0,0,0,0,0,0,0,0,0,0,0.0095
Silvestrol,0,0,0,0,0,9999,0,0,0,0,9999,0,0,0,9999,0,0,0,0,0,0,0,0,0,0,0,9999,0,0,0,0,9999,0,0,0,0,0,0,0,0,0,0,0,0,0,0,0,0,0,9999,0,0,9999,0,0,0,0,0,0,0,0,0,0,0,9999,0,0,0,0,0,0,0,0,0,0,0,0,0,0,0,0,0,0,0,0,0,0,0,0,0,0,0,0,0,9999
Simeprevir,0,0,0,0,0,0,0,0.061,0.0533,0,0.0691,0,0,0.0135,0,0,0,0,0,0,0,0.0262,0,0,9999,0,0,0.0957,0,0,0,0,0,0,0,0,0,0,0,0,0.147,0,0,0,0,0,0,0,0,0,0,0,0.1652,0.002,0,0,0,0,0,0,0,0,0,0,0.0255,0,0,0,0,0,0,0,0,0,0,0,9999,0,0,0,0,0,0,0,0,0,0,0,0,0,0,0,0,0,0
Simvastatin,0,0,0,0,0,0,0,9999,9999,0,0,0,0,0,9999,0,0,0,0,0,0,9999,0,0,9999,0,0,0,0,0,0,0,0,0,0,0,0,0,0,0,0.0169,0,0,0,0,0,0,0,0,0,0,0,9999,0,0,0,0,0,0,0,0,0,0,0,0,0,0,0,0,0,0,0,0,0,0,0,0,0,0,0,0,0,0,0,0,0,0,0,0,0,0,0,0,0,9999
Sofosbuvir,0,0,0,0,0,9999,0,0.099,9999,0,0.1082,0,0,0.0471,0,0.0156,0,0,0,0,0,0.053,0.0096,0,9999,0,0,0.1192,0.0137,0,0,0,0,0.0437,0,0,0,0,0,0.0352,0.1867,0,0,0,0,0,0,0,0,0.0126,0,0,0.2024,0.0343,0,0,0,0,0,0,0,0,0,0,0.0639,0,0.0111,0,0,0,0,0,0,0,0,0,0,0,0,0.0315,0,0,0,0.0292,0,0,0,0,0,0,0,0,0,9999,9999
Sorafenib,0,0,0,0,0,9999,0,0,0,0,0,0,9999,0,0,0,0,0,9999,0,0,0,0,0,9999,0,0,9999,0,0,0,0,0,0,0,0,0,0,0,0,0,0,0,0,0,0,0,0,0,0,0,0,9999,0,0,0,0,0,9999,0,0,0,0,0,0,0,0,0,0,0,0,0,0,0,9999,0,0,0,0,0,0,0,0,0,0,0,0,9999,0,0,0,9999,0,0,0
Stavudine,0.055,0.0424,0.0506,0,0,0.0116,0.0527,0.1751,0.1535,0.0318,0.1853,0.0146,0.0526,0.125,0.0554,0.1086,0.0746,0.0919,0.097,0.0578,0.1045,0.134,0.1211,0,0.1851,0.079,0.0524,0.1793,0.1131,0.0854,0.0193,0.0724,0.0368,0.1579,0.0265,0.0686,0.0936,0.0387,0.0914,0.1355,9999,0,0,0.0731,0,0.0973,0.0498,0.0454,0,0.1218,0.077,0.0402,0.2461,0.1289,0.0394,0.074,0.0011,0.1019,0.0143,0.0555,0.0011,0.0288,0.034,0,0.1525,0,0.1115,0.1031,0.0587,0.0508,0.0979,0.0804,0.0462,0.0916,0.0326,0.0311,0.0259,0.0265,0.0428,0.1416,0,0,0.0004,0.116,0.0622,0.0343,0,0,0.0605,0,0.0742,0,0.0499,0.0217,0.0922
Sunitinib,0,0,0,9999,0,9999,0,0,9999,0,9999,0,0,0,0,0,0,0,0,0,0,0,0,0,9999,0,0,0,0,0,0,0,0,0,0,0,0,0,0,0,9999,0,0,0,0,0,0,0,0,0,0,0,0,0,0,0,0,9999,0,0,0,0,0,0,0,0,0,0,0,0,0,0,0,0,0,0,9999,0,0,0,0,0,0,0,0,0,0,0,0,0,0,0,0,0,9999
Suramin,0.0013,0,0,0,0,9999,0,0.1259,9999,0,9999,0,9999,0.066,0,0.0461,0.0131,0.0234,0.0082,0,0.0204,0.0813,0.0253,0,9999,9999,0,0.137,0.034,0.0086,0,0,0,0.0579,0,0,0.0184,0,0.0032,0.0588,9999,0,0,0.0068,0,0.024,0,0,0,0.0333,0,0,0.2277,0.0571,0,0.0007,0,0.0096,0,0,0,0,0,0,0.0844,0,0.0395,0.0246,0,0,9999,0.0107,0,0.0078,0,0,0,0,0,9999,0,0,0,0.0594,0,0,0,0,0,0,0,0,0,0,9999
Tamoxifen,0,0,0,0,0,0,0,0,0,0,9999,0,0,0,0,0,0,0,0,0,0,0,0,0,9999,0,0,9999,0,0,0,0,0,0,0,0,0,0,0,0,9999,0,0,0,0,0,0,0,0,0,0,0,0.0006,0,0,0,0,0,0,0,0,0,0,0,9999,0,0,0,0,0,0,0,0,0,0,0,0,0,0,0,0,0,0,9999,0,0,0,0,0,0,0,0,0,0,0
Teicoplanin,0,0,0,0,0,0,0,0,0,0,9999,0,0,0,0,0,0,0,0,0,0,0,0,0,0,0,0,0,0,0,0,0,0,0,0,0,0,0,0,0,0.0424,0,0,0,0,0,0,0,0,0,0,0,9999,9999,0,0,0,0,0,0,0,0,0,0,9999,0,0,0,0,0,0,0,0,0,0,0,0,0,0,0,0,0,0,9999,0,0,0,0,0,0,0,0,0,0,0
Telaprevir,0.0061,0,0,0,0,0,0,0.1138,0.0936,0,0.102,0,0,0.0398,0,0.0344,0,0.0132,0,0,0.0107,0.0569,0.0179,0,9999,0,0,0.1196,0.0197,0,0,0,0,0.0409,0,0,0,0,0,0.0467,0.1582,0,0,0,0,0.0151,0,0,0,0.0264,0,0,0.1999,0.0303,0,0,0,0,0,0,0,0,0,0,0.0489,0,0.0202,0.0211,0,0,0.0018,0,0,0,0,0,9999,0,0,0.0317,0,0,0,0.031,0,0,0,0,0,0,0,0,0,0,0.0374
Telavancin,0,0,0,0,0,0,0,0,0,0,9999,0,0,0,0,0,0,0,0,0,0,0,0,0,0,0,0,0,0,0,0,0,0,0,0,0,0,0,0,0,0.0169,0,0,0,0,0,0,0,0,0,0,0,0.0318,0,0,0,0,0,0,0,0,0,0,0,9999,0,0,0,0,0,0,0,0,0,0,0,0,0,0,0,0,0,0,9999,0,0,0,0,0,0,0,0,0,0,0
Telbivudine,0.2161,0.164,0.1783,0.0765,0.1336,0.1326,0.2026,0.3292,0.2772,0.1571,0.3156,0.1572,0.2122,0.263,0.1831,0.2403,0.209,0.2261,0.213,0.2058,0.2213,9999,0.231,0.0974,0.3273,0.2059,0.1795,0.3271,0.2227,0.214,0.1683,0.1819,0.1864,0.2647,0.1621,0.16,0.2191,0.1736,0.2057,0.2606,0.3709,0.0641,0.0651,0.2028,0.1201,0.2243,0.1605,0.1713,0.1306,0.2277,0.2033,0.1668,0.4147,0.252,0.1545,0.2188,0.1397,0.2196,0.1813,0.1598,0.1456,0.1521,0.191,0.0829,0.283,0.1283,0.2334,0.2329,0.1969,0.1813,0.2283,0.2127,0.1903,0.202,0.1613,0.1619,0.1441,0.1639,0.1618,0.2587,0.1347,0.1269,0.1355,0.258,0.1698,0.1863,0.1119,0.0715,0.1819,0.0959,0.1885,0.0371,0.1862,0.1242,0.2751
Tenofovir,0,0,0,0,0,0,0,0.0721,0.0695,0,0.0856,0,0,0.0273,0,0,0,0,0,0,0,9999,0,0,0.0926,0,0,0.1135,9999,0,0,0,0,0.017,0,0,0,0,0,0.0126,9999,9999,0,0,0,0,0,0,0,0,0,0,0.1797,0.0211,0,0,0,0,0,0,0,0,0,0,0.0461,0,0,0,0,0,0,0,0,0,0,0,0,0,0,0.0099,0,0,0,0.0141,0,0,0,0,0,0,0,0,0,0,0.0038
Tenofovir disoproxil,0,0,0,0,0,0,0,0.0348,0.0319,0,0.039,0,0,0,0,0,0,0,0,0,0,0,0,0,0.0339,0,0,0.0326,0,0,0,0,0,0.0163,0,0,0,0,0,0,9999,0,0,0,0,0,0,0,0,0,0,0,0.0977,0,0,0,0,0,0,0,0,0,0,0,0.0045,0,0,0,0,0,0,0,0,0,0,0,0,0,0,0,0,0,0,0,0,0,0,0,0,0,0,0,0,0,0
Teriflunomide,0.0263,0,0,0,0,0,0.002,0.1294,0.1112,0,9999,0,0.0108,0.0678,0,0.0588,0.0175,9999,0.0292,0,0.0468,0.0779,0.0579,0,0.1244,0.0176,0.006,0.1371,0.0548,0.0262,0,0.0065,0,0.0826,0,0,0.0296,0,0.0258,0.0765,0.1666,0,0,0.0169,0,0.0434,0,0.0023,0,0.0643,0.0185,0,9999,0.061,0,0.0188,0,0.0329,0,0,0,0,0,0,0.0782,0,0.0512,0.0521,0.0111,0,0.0365,0.0247,0.0023,0.0307,0,0,0,0,0,0.0685,0,0,0,0.0575,0,0,0,0,0.0035,0,0.0118,0,0,0,9999
Thymalfasin,0.0275,0,0,0,0,0,0.0083,0.1402,0.1184,0,0.1351,0,0.0171,0.0714,0,0.0624,0.0225,0.0415,0.0318,0,0.0441,9999,0.0544,0,9999,0.0155,0.0028,0.1468,0.0526,0.029,0,0.0034,0,0.0847,0,0,0.0333,0,0.0258,0.0802,9999,0,0,0.0188,0,0.0475,0,0,0,0.0613,0.018,0,0.2258,0.0677,0,0.0209,0,0.0348,0,0,0,0,0,0,0.0865,0,0.0537,0.0531,0.0123,0,0.0376,0.0253,0.0008,0.0294,0,0,0,0,0,0.0708,0,0,0,0.0624,0,0,0,0,0,0,0.0091,0,0,0,0.0649
Tilorone (Amixin),0.2096,0.1774,0.1851,0.0932,0.1442,9999,0.2024,9999,0.2698,0.1665,9999,0.1683,0.2068,0.2498,0.1886,0.2425,0.2097,0.2276,0.2194,0.2006,9999,9999,0.2371,0.1325,9999,0.2058,0.1887,9999,9999,0.214,0.1717,0.191,0.1901,0.2678,0.1755,0.1732,0.219,0.1775,0.2111,0.262,0.3337,0.1024,0.1025,0.2095,0.1415,0.2256,0.1884,0.1922,0.1493,0.2363,0.2106,0.1772,0.3779,0.2456,0.1733,0.2167,0.1538,0.223,0.1812,0.1764,0.158,0.161,9999,0.1201,9999,0.1457,0.2347,0.2352,0.2042,0.1884,0.2301,0.2139,0.195,0.2105,0.176,0.1795,0.1703,0.1699,0.1807,0.2587,0.1509,0.15,0.1533,0.2506,0.1879,0.1905,0.136,0.1043,0.1935,0.1233,0.1992,0.0789,9999,0.1339,0.2572
Tipranavir,0,0,0,0,0,0,0,0.0442,0.0466,0,0.0543,0,0,0.0034,0,0,0,0,0,0,0,0.0095,0,0,0.0535,0,0,0.0747,0,0,0,0,0,0.0137,0,0,0,0,0,9999,9999,0,0,0,0,0,0,0,0,0,0,0,0.1263,0,0,0,0,0,0,0,0,0,0,0,0.0127,0,0,0,0,0,0,0,0,0,0,0,0,0,0,0,0,0,0,0,0,0,0,0,0,0,0,0,0,0,0
Topotecan,0,0,0,0,0,0,0,0.0142,9999,0,9999,0,0,0,0,0,0,0,0,0,0,0,0,0,9999,0,0,0.0307,0,0,0,0,0,0.0143,0,0,0,0,0,0,9999,0,0,0,0,0,0,0,0,0,0,0,9999,0,0,0,9999,0,0,0,0,0,0,0,0.0004,0,0,0,0,0,0,0,0,0,0,0,0,0,0,0,0,0,0,0,0,0,0,0,0,0,0,0,0,0,0
Toremifene,0,0,0,0,0,0,0,0,0,0,9999,0,0,0,0,0,0,0,0,0,0,0,0,0,0,0,0,0,0,0,0,0,0,0,0,0,0,0,0,0,0,0,0,0,0,0,0,0,0,0,0,0,0,0,0,0,0,0,0,0,0,0,0,0,9999,0,0,0,0,0,0,0,0,0,0,0,0,0,0,0,0,0,0,9999,0,0,0,0,0,0,0,0,0,0,0
Trametinib,0,0,0,0,0,0,0,0.0886,0.0684,0,0.0799,0,0,0.0329,0,0.0066,0,0,0,0,0,0.0433,0,0,0.0885,0,0,0.1087,0,0,0,0,0,0.011,0,0,0,0,0,0.0193,9999,0,0,0,0,0,0,0,0,0,0,0,9999,0.0101,0,0,0,0,0,0,0,0,0,0,9999,0,0,0,0,0,0,0,0,0,0,0,0,0,0,0.0057,0,0,0,0.0177,0,0,0,0,0,0,0,0,0,0,0.017
Trifluridine,0,0,0,0,0,0,0,0,0,0,0,0,0,0,0,0,0,0,0,0,0,0,0,0,0,0,0,0,0,0,0,0,0,9999,0,0,0,0,0,0,0,0,0,0,0,0,0,0,0,0,0,0,0,0,0,0,0,0,0,0,0,0,0,0,0,0,0,0,0,0,0,0,0,0,0,0,0,0,0,0,0,0,0,0,0,0,0,0,0,0,0,0,0,0,0
Uracil,0,0,0,0,0,0,0,0.0575,0.0498,0,0.0737,0,0,0.0207,0,0,0,0,0,0,0,0.0282,0,0,0.0728,0,0,0.1031,0,0,0,0,0,9999,0,0,0,0,0,0.014,0.1413,0,0,0,0,0,0,0,0,0.0004,0,0,0.1522,0.0176,0,0,0,0,0,0,0,0,0,0,0.0284,0,0,0,0,0,0,0,0,0,0,0,0,0,0,0.0127,0,0,0,0.0013,0,0,0,0,0,0,0,0,0,0,0
Valacyclovir,0,0,0,0,0,0,0,9999,0,0,0,0,0,0,0,0,0,9999,0,0,0,9999,0,0,0,0,0,9999,9999,0,0,0,0,9999,0,0,0,0,0,0,0,0,0,0,0,0,0,0,0,0,0,0,0,0,0,0,0,0,0,0,0,0,0,0,0,0,0,0,0,0,0,0,0,0,0,0,0,0,0,0,0,0,0,0,0,0,0,0,0,0,9999,0,0,0,0
Valganciclovir,0,0,0,0,0,0,0,0.0777,0.0599,0,0.0683,0,0,0.0165,0,0.0006,0,0,0,0,0,0.0295,0,0,0.0749,0,0,0.0933,0,0,0,0,0,0.008,0,0,9999,0,0,0.0137,0.126,0,0,0,0,0,0,0,0,0,0,0,0.1624,0.0018,0,0,0,0,0,0,0,0,0,0,0.0194,0,0,0,0,0,0,0,0,0,0,0,0,0,0,0.0004,0,0,0,0.0034,0,0,0,0,0,0,0,0,0,0,0.0089
Verapamil,0,0,0,0,0,0,0,9999,0,0,9999,0,0,0,0,0,0,0,0,0,0,0,0,0,0,0,0,0,0,0,0,0,0,0,0,0,0,0,0,0,0.0225,0,0,0,0,0,0,0,0,9999,0,0,9999,0,0,0,0,0,0,0,0,0,0,0,0,0,0,0,0,0,0,0,0,0,0,0,0,0,0,0,0,0,0,0,0,0,0,0,0,0,0,0,0,0,0
Vidarabine,0.1139,0.0716,0.085,0,0.0406,0.0487,0.1026,0.2257,0.2008,0.0664,0.2207,0.0557,0.1091,0.1588,0.0895,0.1499,0.1186,0.1279,0.1271,0.0928,0.1349,0.1805,0.1425,0,0.2243,0.1081,0.0909,0.2305,0.1381,0.1224,0.0675,0.0995,0.085,9999,9999,9999,0.1258,0.081,0.123,0.1699,0.2711,0.0003,0,0.1136,0.0343,0.1409,0.0657,0.0889,0.0343,0.1531,0.1104,0.0812,0.3072,0.1636,0.0664,0.1196,0.0415,0.1327,0.0819,0.0813,0.0478,0.0608,0.0821,0.0218,0.1848,0.0324,0.1439,0.1424,0.1053,0.0892,0.1352,0.1204,0.0953,0.1246,0.0674,0.0811,0.0625,0.0738,0.0756,0.1654,0.0404,0.0312,0.043,0.1538,0.0966,0.0853,0.0373,0,0.0925,0.014,0.1058,0,0.0997,0.048,0.1655
Zalcitabine,0,0,0,0,0,0,0,0.0875,0.0778,0,0.0851,0,0,0.0202,0,0.0126,0,0,0,0,0,0.0339,0.0102,0,0.0846,0,0,0.0997,0.0097,0,0,0,0,0.0394,0,0,0,0,0,0.0306,9999,0,0,0,0,0,0,0,0,0.0197,0,0,0.1723,0.0171,0,0,0,0,0,0,0,0,0,0,0.0337,0,0.0033,0.0029,0,0,0,0,0,0,0,0,0,0,0,0.021,0,0,0,0.0061,0,0,0,0,0,0,0,0,0,0,0.0017
Zanamivir,0,0,0,0,0,0,0,0,0,0,0,0,0,0,0,0,0,0,0,0,0,0,0,0,0,0,0,0,0,0,0,0,0,0,0,0,0,0,0,0,0,0,0,0,0,0,9999,0,0,0,0,0,9999,9999,0,0,0,0,0,0,0,0,0,0,0,0,0,0,0,0,0,9999,0,0,0,0,0,0,0,0,0,0,0,0,0,0,0,0,0,0,0,0,0,0,0
Zidovudine,0,0,0,0,0,0,0,0.0732,0.0601,0,0.0693,0,0,0.0038,0,0.0024,0,0,0,0,0,0.0126,0.0063,0,0.064,0,0,0.0595,0.0083,0,0,0,0,0.0345,0,0,0,0,0,0.0226,9999,0,0,0,0,0,0,0,0,0.0126,0,0,0.142,0.0006,0,0,0,0,0,0,0,0,0,0,0.0153,0,0,0,0,0,0,0,0,0,0,0,0,0,0,0.0105,0,0,0,0,0,0,0,0,0,0,0,0,0,0,0
